CustomerID;invoices_per_customer;"round(sum(total_price), 2)";country
12346.0;1;4433604.00;DE
12349.0;1;41692.83;Italy
12350.0;1;18002.00;Norway
12353.0;1;2109.80;Bahrain
12354.0;1;39611.53;Spain
12355.0;1;16671.74;Bahrain
12357.0;1;209539.34;Switzerland
12361.0;1;7735.02;Belgium
12367.0;1;8635.82;Denmark
12371.0;1;50619.44;Switzerland
12373.0;1;15535.32;Austria
12374.0;1;28859.61;Austria
12378.0;1;379877.89;Switzerland
12390.0;1;51431.68;Belgium
12391.0;1;31991.81;Cyprus
12398.0;1;147229.58;Switzerland
12401.0;1;1438.65;Belgium
12402.0;1;7633.26;Belgium
12403.0;1;2225.20;Denmark
12405.0;1;63300.04;Finland
12418.0;1;48216.45;Switzerland
12420.0;1;16664.26;Cyprus
12425.0;1;37516.53;Portugal
12426.0;1;17513.70;UK
12430.0;1;34878.84;Norway
12436.0;1;16075.64;Norway
12441.0;1;8570.48;France
12442.0;1;12329.31;Spain
12445.0;1;19801.44;Spain
12446.0;1;26890.56;RSA
12447.0;1;19393.13;Belgium
12448.0;1;20091.02;Spain
12452.0;1;10497.07;Switzerland
12453.0;1;55766.33;Austria
12454.0;1;118987.94;Spain
12461.0;1;18078.51;Switzerland
12475.0;1;47510.86;UK
12478.0;1;18053.62;Greece
12479.0;1;38685.49;UK
12489.0;1;8884.18;France
12491.0;1;32035.72;France
12497.0;1;169227.24;UK
12501.0;1;157741.19;UK
12506.0;1;2622.93;France
12509.0;1;5855.56;France
12513.0;1;56971.05;France
12514.0;1;31449.80;Italy
12515.0;1;8652.23;Italy
12519.0;1;15465.32;UK
12521.0;1;20907.59;UK
12531.0;1;2703.71;UK
12532.0;1;22597.35;France
12534.0;1;71331.29;UK
12538.0;1;32054.38;Spain
12544.0;1;11691.46;Spain
12548.0;1;2462.64;Spain
12550.0;1;46124.08;Spain
12551.0;1;7832.90;Spain
12552.0;1;7236.06;Italy
12558.0;1;12574.52;USA
12561.0;1;26191.43;UK
12564.0;1;10997.14;France
12565.0;1;7346.60;"Saudi Arabia"
12566.0;1;7157.60;UK
12573.0;1;10745.53;France
12574.0;1;1720.46;France
12579.0;1;28169.34;France
12580.0;1;11580.40;UK
12581.0;1;8706.92;UK
12586.0;1;7711.66;Italy
12587.0;1;2767.00;Finland
12588.0;1;8482.83;Finland
12590.0;1;335817.76;UK
12591.0;1;13993.02;Italy
12602.0;1;15396.30;France
12603.0;1;37459.99;UK
12607.0;1;138782.08;USA
12611.0;1;78506.62;Italy
12612.0;1;37996.78;UK
12614.0;1;5940.09;UK
12617.0;1;22839.34;France
12618.0;1;21604.93;Italy
12622.0;1;4373.89;UK
12623.0;1;13306.29;UK
12631.0;1;18136.42;Finland
12638.0;1;66813.91;Sweden
12639.0;1;24900.41;Sweden
12641.0;1;2720.47;Sweden
12644.0;1;33820.17;UK
12648.0;1;11299.64;UK
12650.0;1;11706.86;France
12651.0;1;4565.52;France
12652.0;1;33252.84;France
12658.0;1;21898.83;UK
12659.0;1;8618.96;France
12660.0;1;15850.35;France
12665.0;1;1306.32;UK
12667.0;1;68700.17;Finland
12672.0;1;12432.82;France
12686.0;1;25834.28;France
12688.0;1;302290.57;Israel
12690.0;1;8024.91;France
12702.0;1;4843.79;UK
12703.0;1;13242.15;UK
12707.0;1;10834.58;France
12713.0;1;32568.48;UK
12715.0;1;19794.86;Sweden
12718.0;1;28579.37;France
12725.0;1;13782.04;Italy
12729.0;1;45991.45;France
12732.0;1;28245.86;France
12733.0;1;26257.01;USA
12734.0;1;8139.36;France
12736.0;1;29513.76;France
12738.0;1;8123.41;UK
12739.0;1;44330.14;"United Arab Emirates"
12740.0;1;50753.36;France
12750.0;1;20132.51;Poland
12752.0;1;227446.30;Norway
12756.0;1;4686.00;Japan
12764.0;1;44284.31;Lebanon
12769.0;1;45180.14;Brazil
12770.0;1;127773.59;Japan
12772.0;1;96548.55;Portugal
12784.0;1;35702.43;Portugal
12785.0;1;8582.10;Portugal
12789.0;1;35.97;Netherlands
12790.0;1;11053.80;Netherlands
12791.0;1;1343.04;Netherlands
12792.0;1;10983.46;Portugal
12795.0;1;10127.05;Portugal
12797.0;1;12959.43;Portugal
12802.0;1;12118.52;Netherlands
12809.0;1;28815.04;Portugal
12812.0;1;12083.40;Japan
12814.0;1;5928.48;Poland
12817.0;1;5403.16;Austria
12818.0;1;16353.70;Austria
12821.0;1;5860.70;DE
12824.0;1;28836.16;DE
12831.0;1;8004.83;DE
12833.0;1;13110.51;DE
12834.0;1;13662.28;DE
12837.0;1;2298.17;DE
12847.0;1;128756.27;DE
12851.0;1;10583.78;DE
12852.0;1;6850.02;DE
12855.0;1;497.70;DE
12863.0;1;6202.92;DE
12864.0;1;19004.40;DE
12866.0;1;14041.66;Belgium
12873.0;1;8821.12;DE
12881.0;1;1976.39;DE
12884.0;1;6991.23;DE
12890.0;1;27977.98;DE
12893.0;1;7116.06;DE
12902.0;1;2691.20;DE
12917.0;1;1798.80;DE
12920.0;1;3611.06;DE
12922.0;1;28818.27;DE
12923.0;1;2379.32;DE
12929.0;1;1032.91;DE
12938.0;1;37431.92;DE
12945.0;1;12806.13;DE
12953.0;1;13347.96;DE
12956.0;1;4057.05;DE
12965.0;1;20800.85;DE
12966.0;1;7138.65;DE
12968.0;1;3176.65;DE
12974.0;1;1810.74;DE
12976.0;1;18444.54;DE
12977.0;1;824.81;DE
12982.0;1;47068.88;DE
12984.0;1;4294.30;DE
12988.0;1;12190.89;DE
12995.0;1;6690.60;DE
13002.0;1;2301.27;DE
13006.0;1;4499.66;DE
13008.0;1;11837.99;DE
13011.0;1;177.87;DE
13017.0;1;3455.52;DE
13033.0;1;13755.85;DE
13043.0;1;12487.82;DE
13044.0;1;32537.51;DE
13045.0;1;22037.21;DE
13052.0;1;54018.81;DE
13059.0;1;5723.39;DE
13060.0;1;17841.29;DE
13061.0;1;3441.85;DE
13062.0;1;188439.40;DE
13065.0;1;7918.20;DE
13067.0;1;6790.84;DE
13070.0;1;16401.20;DE
13072.0;1;4895.31;DE
13075.0;1;34505.28;DE
13080.0;1;9608.88;DE
13091.0;1;26929.42;DE
13095.0;1;3137.52;DE
13099.0;1;38551.68;DE
13101.0;1;9375.94;DE
13103.0;1;5064.70;DE
13106.0;1;255.06;DE
13108.0;1;35553.66;DE
13116.0;1;49792.33;DE
13120.0;1;197.88;DE
13121.0;1;22019.57;DE
13127.0;1;7861.01;DE
13130.0;1;3103.04;DE
13132.0;1;7045.62;DE
13135.0;1;171785.00;DE
13142.0;1;12341.32;DE
13144.0;1;3736.30;DE
13146.0;1;11794.91;DE
13151.0;1;30167.65;DE
13153.0;1;68582.86;DE
13160.0;1;1484.64;DE
13161.0;1;5250.80;DE
13166.0;1;15540.83;DE
13170.0;1;36117.38;DE
13176.0;1;48593.28;DE
13177.0;1;10533.08;DE
13182.0;1;24848.32;DE
13185.0;1;215.88;DE
13187.0;1;7606.68;DE
13188.0;1;1209.70;DE
13193.0;1;5744.97;DE
13194.0;1;1177.62;DE
13210.0;1;39713.04;DE
13216.0;1;6559.53;DE
13218.0;1;8729.84;DE
13226.0;1;9686.28;DE
13227.0;1;3073.06;DE
13228.0;1;60269.00;DE
13229.0;1;3155.49;DE
13235.0;1;36135.16;DE
13239.0;1;57775.47;DE
13243.0;1;14149.41;DE
13244.0;1;1793.98;DE
13245.0;1;11547.71;DE
13256.0;1;804942.62;DE
13259.0;1;11258.20;DE
13260.0;1;29167.20;DE
13262.0;1;4504.56;DE
13270.0;1;1798.00;DE
13271.0;1;37126.42;DE
13273.0;1;12031.74;DE
13278.0;1;41870.18;DE
13279.0;1;7733.91;DE
13284.0;1;9879.99;DE
13291.0;1;24448.09;DE
13295.0;1;5798.22;DE
13296.0;1;6380.84;DE
13298.0;1;6839.52;DE
13299.0;1;783.48;DE
13300.0;1;17117.38;DE
13302.0;1;44.95;DE
13304.0;1;33486.09;DE
13307.0;1;60.76;DE
13322.0;1;6788.53;DE
13325.0;1;25876.29;DE
13328.0;1;71670.96;DE
13332.0;1;17701.99;DE
13336.0;1;65887.01;DE
13338.0;1;30878.68;DE
13339.0;1;18857.61;DE
13341.0;1;43960.73;DE
13343.0;1;12145.75;DE
13345.0;1;13785.89;DE
13347.0;1;31628.63;DE
13348.0;1;6927.84;DE
13349.0;1;17073.07;DE
13351.0;1;13308.03;DE
13352.0;1;20808.97;DE
13354.0;1;38558.74;DE
13355.0;1;18480.57;DE
13356.0;1;44753.90;DE
13357.0;1;29454.36;DE
13358.0;1;26827.20;DE
13359.0;1;11019.93;DE
13364.0;1;3511.24;DE
13366.0;1;3886.56;DE
13369.0;1;14593.27;DE
13370.0;1;16786.21;DE
13372.0;1;11192.73;DE
13375.0;1;39314.63;DE
13382.0;1;15199.67;DE
13385.0;1;30032.38;DE
13390.0;1;25113.60;DE
13391.0;1;43.96;DE
13395.0;1;14198.60;DE
13398.0;1;21423.94;DE
13403.0;1;3139.56;DE
13411.0;1;11810.21;DE
13419.0;1;33479.51;DE
13422.0;1;120148.96;DE
13428.0;1;16336.67;DE
13436.0;1;6194.60;DE
13439.0;1;30492.81;DE
13441.0;1;25849.08;DE
13449.0;1;17190.76;DE
13462.0;1;4066.44;DE
13464.0;1;82983.02;DE
13466.0;1;11031.43;DE
13474.0;1;9362.28;DE
13482.0;1;10978.23;DE
13483.0;1;11058.20;DE
13484.0;1;1737.48;DE
13485.0;1;38644.21;DE
13494.0;1;9832.54;DE
13501.0;1;54959.96;Switzerland
13503.0;1;15536.19;DE
13504.0;1;9156.41;DE
13508.0;1;1056.10;DE
13512.0;1;7000.34;DE
13513.0;1;6447.11;DE
13514.0;1;3617.20;DE
13518.0;1;44818.30;DE
13519.0;1;2162.04;DE
13522.0;1;2017.56;DE
13532.0;1;6962.83;DE
13551.0;1;167.88;DE
13560.0;1;3818.40;DE
13561.0;1;21828.45;DE
13568.0;1;8108.41;DE
13570.0;1;28578.34;DE
13572.0;1;36108.56;DE
13581.0;1;3678.75;DE
13583.0;1;135951.88;DE
13584.0;1;2542.62;DE
13587.0;1;4136.88;DE
13594.0;1;36452.71;DE
13598.0;1;5737.32;DE
13600.0;1;15294.48;DE
13602.0;1;19206.61;DE
13603.0;1;14843.46;DE
13607.0;1;21174.25;DE
13615.0;1;15967.52;DE
13618.0;1;12742.42;DE
13621.0;1;40251.65;DE
13626.0;1;18822.43;DE
13635.0;1;73672.57;DE
13638.0;1;2202.11;DE
13639.0;1;77351.46;DE
13642.0;1;17886.87;DE
13645.0;1;4783.90;DE
13663.0;1;6157.83;DE
13667.0;1;10640.93;DE
13670.0;1;46343.64;DE
13678.0;1;40447.52;DE
13682.0;1;160.90;DE
13684.0;1;5834.27;DE
13686.0;1;10634.15;DE
13689.0;1;62743.88;DE
13690.0;1;8451.84;DE
13697.0;1;48036.07;DE
13699.0;1;3446.00;DE
13703.0;1;219.90;DE
13706.0;1;12607.97;DE
13708.0;1;53920.36;DE
13710.0;1;32174.72;DE
13712.0;1;15728.82;DE
13716.0;1;10271.55;DE
13721.0;1;34109.60;DE
13723.0;1;1451.34;DE
13732.0;1;68750.76;DE
13737.0;1;21437.78;DE
13739.0;1;10703.04;DE
13740.0;1;97691.99;DE
13745.0;1;40051.96;DE
13747.0;1;159.84;DE
13751.0;1;59432.78;DE
13753.0;1;64832.64;DE
13762.0;1;20546.88;DE
13763.0;1;79804.80;DE
13774.0;1;22097.83;DE
13778.0;1;5061.39;DE
13781.0;1;2562.41;DE
13786.0;1;23784.76;DE
13790.0;1;76554.10;DE
13800.0;1;17518.54;DE
13801.0;1;21763.21;DE
13803.0;1;15060.13;DE
13806.0;1;3557.39;DE
13807.0;1;465.22;DE
13809.0;1;7976.39;Cyprus
13826.0;1;10180.06;DE
13828.0;1;41105.23;DE
13832.0;1;333.60;DE
13833.0;1;15435.65;DE
13841.0;1;2599.00;DE
13844.0;1;16764.36;DE
13845.0;1;16220.02;DE
13850.0;1;79600.79;DE
13853.0;1;53425.64;DE
13858.0;1;18840.21;DE
13859.0;1;21601.78;DE
13863.0;1;7866.08;DE
13866.0;1;5620.62;DE
13874.0;1;23362.94;DE
13876.0;1;3341.12;DE
13877.0;1;9886.92;DE
13878.0;1;49731.43;DE
13886.0;1;14687.24;DE
13887.0;1;25692.67;DE
13889.0;1;10049.17;DE
13893.0;1;11380.06;DE
13897.0;1;10464.54;DE
13898.0;1;10262.33;DE
13922.0;1;23594.05;DE
13923.0;1;10172.71;DE
13926.0;1;4953.88;DE
13927.0;1;31848.26;DE
13932.0;1;4833.94;DE
13934.0;1;32774.69;DE
13936.0;1;34551.22;DE
13937.0;1;4343.01;DE
13938.0;1;7789.30;DE
13947.0;1;5049.46;DE
13948.0;1;5359.84;DE
13967.0;1;4109.46;DE
13973.0;1;12385.93;DE
13974.0;1;53790.85;DE
13976.0;1;16068.16;DE
13979.0;1;53345.90;DE
13980.0;1;21487.80;DE
13986.0;1;29331.13;DE
13990.0;1;18378.44;DE
13992.0;1;14562.92;DE
14000.0;1;49780.78;DE
14012.0;1;11187.82;DE
14014.0;1;124880.36;DE
14015.0;1;29907.82;DE
14022.0;1;55730.51;DE
14027.0;1;3093.96;DE
14036.0;1;19372.14;DE
14039.0;1;3868.10;DE
14041.0;1;8496.43;DE
14046.0;1;168864.87;DE
14048.0;1;27808.20;DE
14052.0;1;6409.68;DE
14054.0;1;4452.48;DE
14055.0;1;52355.16;DE
14059.0;1;8433.32;DE
14066.0;1;9828.45;DE
14068.0;1;12083.73;DE
14073.0;1;40026.98;DE
14076.0;1;11518.97;DE
14079.0;1;50363.85;DE
14080.0;1;2243.52;DE
14082.0;1;19084.38;DE
14087.0;1;20378.41;DE
14089.0;1;8041.60;DE
14090.0;1;16488.00;DE
14093.0;1;59924.83;DE
14098.0;1;15341.93;DE
14100.0;1;3893.02;DE
14105.0;1;67677.07;DE
14109.0;1;15217.96;DE
14117.0;1;5103.84;DE
14124.0;1;116135.66;DE
14130.0;1;19783.65;DE
14139.0;1;42336.38;DE
14142.0;1;20301.63;DE
14143.0;1;5313.60;DE
14148.0;1;7094.94;DE
14149.0;1;25070.07;DE
14155.0;1;4392.95;DE
14158.0;1;74406.84;DE
14165.0;1;6633.44;DE
14171.0;1;23603.53;DE
14174.0;1;7457.08;DE
14184.0;1;6672.99;DE
14185.0;1;244.85;DE
14196.0;1;39237.14;DE
14199.0;1;11039.88;DE
14204.0;1;9025.37;DE
14206.0;1;21042.76;DE
14208.0;1;8602.16;DE
14212.0;1;56041.12;DE
14218.0;1;8428.54;DE
14219.0;1;12623.10;DE
14222.0;1;67770.70;DE
14237.0;1;1908.47;DE
14238.0;1;12573.26;DE
14241.0;1;9811.62;DE
14247.0;1;7110.88;DE
14248.0;1;8164.22;DE
14259.0;1;1810.96;DE
14270.0;1;25135.21;DE
14271.0;1;8879.30;DE
14280.0;1;6808.16;DE
14288.0;1;34421.34;DE
14295.0;1;4220.88;DE
14300.0;1;1173.56;DE
14301.0;1;90457.06;DE
14304.0;1;9461.79;DE
14311.0;1;39213.37;DE
14314.0;1;37108.64;DE
14317.0;1;27782.49;DE
14326.0;1;6773.05;DE
14327.0;1;19516.20;DE
14333.0;1;3268.20;DE
14339.0;1;15445.58;DE
14340.0;1;1423.18;DE
14345.0;1;4397.48;DE
14348.0;1;5190.12;DE
14349.0;1;7215.15;DE
14350.0;1;17409.46;DE
14351.0;1;2002.80;DE
14353.0;1;1651.36;DE
14355.0;1;6058.72;DE
14357.0;1;10057.06;DE
14362.0;1;9625.54;DE
14368.0;1;4433.96;DE
14371.0;1;4356.38;DE
14373.0;1;301.21;DE
14375.0;1;18453.35;DE
14381.0;1;15402.38;DE
14382.0;1;113553.20;DE
14386.0;1;2578.02;DE
14393.0;1;1443.65;DE
14400.0;1;32735.10;DE
14406.0;1;4678.05;DE
14411.0;1;21669.88;DE
14413.0;1;3963.36;DE
14420.0;1;35134.54;DE
14423.0;1;38583.76;DE
14424.0;1;729.12;DE
14431.0;1;8165.32;DE
14436.0;1;8351.31;DE
14437.0;1;4835.04;DE
14438.0;1;10055.78;DE
14439.0;1;68187.72;Greece
14453.0;1;3148.26;DE
14457.0;1;2779.44;DE
14459.0;1;74655.96;DE
14474.0;1;8054.74;DE
14476.0;1;11660.31;DE
14480.0;1;7293.65;DE
14483.0;1;2162.82;DE
14484.0;1;10395.10;DE
14485.0;1;4892.32;DE
14488.0;1;65862.28;DE
14489.0;1;24803.12;DE
14494.0;1;7530.92;DE
14497.0;1;16505.44;DE
14518.0;1;26871.24;DE
14523.0;1;38701.57;DE
14528.0;1;25748.94;DE
14536.0;1;4609.22;DE
14537.0;1;10556.16;DE
14542.0;1;750.92;DE
14549.0;1;12487.86;DE
14552.0;1;9948.46;DE
14557.0;1;59408.88;DE
14566.0;1;127308.00;"Channel Islands"
14569.0;1;2629.20;DE
14576.0;1;347.88;DE
14578.0;1;19730.08;DE
14581.0;1;10289.31;DE
14582.0;1;2014.12;DE
14585.0;1;4720.22;DE
14586.0;1;45340.74;DE
14589.0;1;89.97;DE
14598.0;1;8978.31;DE
14600.0;1;8290.00;DE
14601.0;1;10963.44;DE
14603.0;1;27364.00;DE
14619.0;1;7799.76;DE
14622.0;1;15310.47;DE
14632.0;1;6621.62;DE
14633.0;1;8064.76;DE
14638.0;1;14383.68;DE
14641.0;1;6357.06;DE
14642.0;1;7067.28;DE
14647.0;1;24114.85;DE
14652.0;1;6027.83;DE
14661.0;1;2788.38;DE
14666.0;1;7034.32;DE
14675.0;1;29667.85;DE
14687.0;1;24956.20;DE
14689.0;1;5917.29;DE
14693.0;1;11158.39;DE
14699.0;1;9331.25;DE
14703.0;1;19001.83;DE
14705.0;1;3899.00;DE
14714.0;1;5069.20;DE
14722.0;1;7283.94;DE
14725.0;1;37938.27;DE
14727.0;1;6510.64;DE
14729.0;1;23863.60;DE
14747.0;1;8284.60;DE
14752.0;1;9445.64;DE
14753.0;1;24869.30;DE
14756.0;1;23129.25;DE
14757.0;1;14928.72;DE
14760.0;1;978.44;DE
14762.0;1;24548.60;DE
14764.0;1;28955.54;DE
14772.0;1;3494.14;DE
14782.0;1;3974.34;DE
14789.0;1;3916.76;DE
14792.0;1;181.99;DE
14793.0;1;4604.54;DE
14795.0;1;1062.99;DE
14799.0;1;21613.06;DE
14801.0;1;24687.15;DE
14804.0;1;15275.35;DE
14806.0;1;45951.77;DE
14816.0;1;190.32;DE
14821.0;1;381.32;DE
14830.0;1;19051.39;DE
14840.0;1;1576.60;DE
14847.0;1;15759.08;DE
14850.0;1;28793.17;DE
14860.0;1;16457.68;DE
14861.0;1;4064.67;DE
14863.0;1;6972.12;DE
14870.0;1;7992.30;DE
14873.0;1;17966.13;DE
14881.0;1;32685.92;DE
14885.0;1;138815.08;DE
14886.0;1;11796.84;DE
14887.0;1;218233.00;DE
14888.0;1;42159.36;DE
14889.0;1;6656.98;DE
14890.0;1;2886.27;DE
14894.0;1;11467.49;DE
14902.0;1;28586.76;DE
14908.0;1;17375.74;DE
14923.0;1;35935.46;DE
14924.0;1;6881.68;DE
14929.0;1;15221.84;DE
14932.0;1;2885.18;"Channel Islands"
14935.0;1;104279.32;"Channel Islands"
14946.0;1;354.58;DE
14950.0;1;10890.76;DE
14951.0;1;43353.70;DE
14953.0;1;20692.47;DE
14954.0;1;11880.76;DE
14957.0;1;2107.10;DE
14962.0;1;855.96;DE
14964.0;1;16430.74;DE
14966.0;1;46156.51;DE
14967.0;1;7358.12;DE
14968.0;1;10483.80;DE
14972.0;1;2068.64;DE
14974.0;1;4175.23;DE
14975.0;1;11718.20;DE
14981.0;1;18317.89;DE
14988.0;1;17979.69;DE
15000.0;1;27567.64;DE
15004.0;1;57743.80;DE
15006.0;1;36887.88;DE
15007.0;1;7692.38;DE
15010.0;1;55612.35;DE
15016.0;1;3801.35;DE
15017.0;1;7941.51;DE
15019.0;1;17994.82;DE
15025.0;1;24934.36;DE
15035.0;1;45019.83;DE
15041.0;1;21430.99;DE
15042.0;1;10931.34;DE
15043.0;1;18670.00;DE
15047.0;1;21118.12;DE
15049.0;1;963.25;DE
15052.0;1;14365.94;DE
15063.0;1;2295.16;DE
15066.0;1;50369.49;DE
15069.0;1;38211.95;DE
15070.0;1;2807.64;DE
15074.0;1;58325.76;DE
15075.0;1;46760.65;DE
15076.0;1;49974.71;DE
15083.0;1;998.32;DE
15087.0;1;205451.90;DE
15090.0;1;23037.38;DE
15091.0;1;17712.70;DE
15096.0;1;8055.20;DE
15097.0;1;17759.63;DE
15099.0;1;25998.54;DE
15109.0;1;9950.39;DE
15115.0;1;14829.67;DE
15118.0;1;934560.00;DE
15119.0;1;5473.31;DE
15120.0;1;26781.60;DE
15127.0;1;37557.09;DE
15130.0;1;21443.47;DE
15135.0;1;2736.42;DE
15142.0;1;23895.22;DE
15143.0;1;6819.88;DE
15147.0;1;45029.06;DE
15148.0;1;12271.22;DE
15149.0;1;16867.66;DE
15153.0;1;9751.83;DE
15154.0;1;12477.57;DE
15158.0;1;4032.42;DE
15160.0;1;6333.72;DE
15165.0;1;10067.78;DE
15167.0;1;5570.11;DE
15168.0;1;17499.54;DE
15171.0;1;5845.10;DE
15174.0;1;12000.41;DE
15175.0;1;39229.58;DE
15178.0;1;2869.60;DE
15180.0;1;3610.90;DE
15185.0;1;44535.50;DE
15193.0;1;10669.15;DE
15195.0;1;23573.16;DE
15204.0;1;96945.06;DE
15210.0;1;6974.49;DE
15212.0;1;2091.76;DE
15216.0;1;736.44;DE
15219.0;1;1110.55;DE
15221.0;1;1267.81;DE
15222.0;1;5200.00;DE
15225.0;1;17895.32;DE
15226.0;1;20273.06;DE
15234.0;1;20842.04;DE
15236.0;1;22989.96;DE
15243.0;1;33545.90;DE
15247.0;1;28340.16;DE
15254.0;1;50101.06;DE
15255.0;1;74581.01;DE
15256.0;1;1514.47;DE
15257.0;1;3030.62;DE
15261.0;1;17247.90;DE
15262.0;1;5456.14;DE
15263.0;1;8245.55;DE
15264.0;1;22290.67;DE
15266.0;1;1479.68;DE
15269.0;1;791.74;DE
15275.0;1;62230.99;DE
15276.0;1;8145.65;DE
15277.0;1;12376.98;DE
15279.0;1;89308.31;DE
15280.0;1;21153.90;DE
15286.0;1;2407.45;DE
15292.0;1;5667.07;DE
15300.0;1;33995.81;DE
15303.0;1;23707.83;DE
15307.0;1;1375.42;DE
15308.0;1;5506.74;DE
15313.0;1;14092.50;DE
15314.0;1;53081.99;DE
15316.0;1;22900.00;DE
15318.0;1;69629.50;DE
15319.0;1;13292.94;DE
15320.0;1;9881.78;DE
15322.0;1;55311.56;DE
15325.0;1;17362.30;DE
15326.0;1;26305.68;DE
15327.0;1;7671.87;DE
15333.0;1;24153.07;DE
15335.0;1;10562.68;DE
15341.0;1;94593.12;DE
15342.0;1;10184.54;DE
15343.0;1;5796.38;DE
15345.0;1;6459.84;DE
15346.0;1;21117.97;DE
15347.0;1;31948.52;DE
15348.0;1;6048.34;DE
15350.0;1;2183.49;DE
15360.0;1;32435.23;DE
15361.0;1;38481.00;DE
15363.0;1;7853.98;DE
15368.0;1;11966.62;DE
15372.0;1;141390.28;DE
15374.0;1;8302.98;DE
15385.0;1;50846.48;DE
15386.0;1;57196.34;DE
15388.0;1;10249.46;Canada
15389.0;1;16780.00;DE
15395.0;1;1103.72;DE
15396.0;1;5133.42;DE
15397.0;1;1537.17;DE
15405.0;1;13533.26;DE
15408.0;1;7860.79;DE
15412.0;1;5687.78;DE
15415.0;1;60360.82;DE
15417.0;1;24113.58;DE
15419.0;1;22503.14;DE
15423.0;1;1957.50;DE
15428.0;1;6320.88;DE
15432.0;1;3587.25;DE
15435.0;1;4818.96;DE
15437.0;1;5668.47;DE
15438.0;1;3881.44;DE
15442.0;1;3958.80;DE
15445.0;1;2108.00;DE
15447.0;1;20583.38;DE
15448.0;1;17076.65;DE
15450.0;1;29738.06;DE
15454.0;1;4814.05;DE
15457.0;1;14720.10;DE
15458.0;1;8025.24;DE
15460.0;1;8620.70;DE
15463.0;1;14466.90;DE
15464.0;1;25870.42;DE
15466.0;1;20938.48;DE
15471.0;1;44984.75;DE
15472.0;1;27636.02;DE
15475.0;1;46228.51;DE
15480.0;1;35823.65;Malta
15488.0;1;5481.22;DE
15503.0;1;7517.29;DE
15504.0;1;2194.88;DE
15507.0;1;14940.38;DE
15510.0;1;67.96;DE
15517.0;1;31764.09;DE
15520.0;1;8015.64;DE
15523.0;1;7599.88;DE
15524.0;1;83.96;DE
15528.0;1;6346.01;DE
15537.0;1;4515.88;DE
15539.0;1;59978.79;DE
15540.0;1;7577.00;DE
15541.0;1;3337.85;DE
15543.0;1;8700.27;DE
15551.0;1;23584.50;DE
15552.0;1;6963.11;DE
15553.0;1;18750.89;DE
15554.0;1;5064.36;DE
15556.0;1;12818.58;DE
15557.0;1;22473.14;DE
15562.0;1;350.61;DE
15567.0;1;12293.34;DE
15576.0;1;27253.83;DE
15578.0;1;2637.18;DE
15585.0;1;15651.61;DE
15592.0;1;11685.94;DE
15593.0;1;4109.76;DE
15597.0;1;41029.32;DE
15598.0;1;15936.38;DE
15603.0;1;1005.12;DE
15604.0;1;13423.48;DE
15607.0;1;11781.06;DE
15609.0;1;15036.26;DE
15610.0;1;8986.72;DE
15619.0;1;24585.52;DE
15623.0;1;11004.01;DE
15634.0;1;8952.41;DE
15637.0;1;5752.08;DE
15639.0;1;20124.71;DE
15645.0;1;22911.43;DE
15652.0;1;18702.86;DE
15655.0;1;29383.41;DE
15657.0;1;455.76;DE
15659.0;1;9937.70;DE
15663.0;1;27852.70;DE
15664.0;1;8908.57;DE
15667.0;1;17755.44;DE
15668.0;1;5471.28;DE
15670.0;1;4152.26;DE
15677.0;1;21322.18;DE
15678.0;1;24465.44;DE
15683.0;1;9026.25;DE
15691.0;1;1185.84;DE
15692.0;1;7945.74;DE
15699.0;1;5422.98;DE
15703.0;1;3878.64;DE
15705.0;1;6067.32;DE
15709.0;1;16378.21;DE
15717.0;1;11871.96;DE
15720.0;1;25140.14;DE
15721.0;1;27387.44;DE
15723.0;1;4947.20;DE
15725.0;1;15739.03;DE
15729.0;1;3723.76;DE
15733.0;1;3513.30;DE
15739.0;1;52681.92;DE
15740.0;1;6696.68;DE
15744.0;1;31222.80;DE
15746.0;1;15306.73;DE
15748.0;1;4538.78;DE
15753.0;1;15956.64;DE
15758.0;1;6479.75;DE
15766.0;1;28786.44;DE
15773.0;1;11980.17;DE
15774.0;1;13049.13;DE
15775.0;1;4967.26;DE
15776.0;1;11445.29;DE
15783.0;1;14633.26;DE
15789.0;1;85949.98;DE
15790.0;1;6792.27;DE
15795.0;1;43413.46;DE
15802.0;1;79.99;DE
15803.0;1;30909.66;DE
15820.0;1;6064.07;DE
15823.0;1;47.99;DE
15825.0;1;20167.60;DE
15830.0;1;30959.38;DE
15832.0;1;39354.45;DE
15836.0;1;5097.95;DE
15837.0;1;49971.79;DE
15843.0;1;4888.23;DE
15844.0;1;39780.68;DE
15853.0;1;28314.47;DE
15857.0;1;61457.12;DE
15866.0;1;4648.01;DE
15870.0;1;25038.67;DE
15880.0;1;25398.05;DE
15886.0;1;31743.51;DE
15888.0;1;9148.69;DE
15891.0;1;37147.56;DE
15895.0;1;21784.58;DE
15899.0;1;6262.67;DE
15900.0;1;24955.00;DE
15904.0;1;3670.64;DE
15909.0;1;5640.94;DE
15917.0;1;4629.76;DE
15921.0;1;8565.25;DE
15922.0;1;7576.98;DE
15923.0;1;2963.45;DE
15925.0;1;10316.96;DE
15930.0;1;14664.06;DE
15937.0;1;3927.27;DE
15940.0;1;31.96;DE
15942.0;1;46122.94;DE
15944.0;1;11297.38;DE
15945.0;1;1555.64;DE
15947.0;1;155478.16;DE
15957.0;1;24788.47;DE
15958.0;1;716.38;DE
15970.0;1;9704.44;DE
15973.0;1;23796.46;DE
15975.0;1;17027.15;DE
15978.0;1;80345.33;DE
15986.0;1;31779.32;DE
15988.0;1;8992.51;DE
15992.0;1;1826.59;DE
15994.0;1;64774.31;DE
16006.0;1;13814.91;DE
16017.0;1;12581.23;DE
16022.0;1;29320.51;DE
16024.0;1;24759.93;DE
16025.0;1;31533.46;DE
16026.0;1;11556.32;DE
16030.0;1;36296.38;DE
16050.0;1;27293.34;DE
16052.0;1;52877.02;DE
16054.0;1;25737.36;DE
16055.0;1;2819.95;DE
16056.0;1;26583.61;DE
16063.0;1;17040.74;DE
16065.0;1;26172.74;DE
16071.0;1;19728.48;DE
16072.0;1;13477.29;DE
16073.0;1;628.32;DE
16078.0;1;287.84;DE
16084.0;1;26580.37;DE
16093.0;1;5977.40;DE
16096.0;1;12972.57;DE
16097.0;1;11741.80;DE
16101.0;1;58230.36;DE
16104.0;1;20755.54;DE
16105.0;1;30339.63;DE
16106.0;1;6313.70;DE
16108.0;1;48311.31;DE
16113.0;1;72861.20;DE
16114.0;1;1645.82;DE
16116.0;1;20284.39;DE
16117.0;1;10750.71;DE
16123.0;1;13732.90;DE
16124.0;1;1480.06;DE
16125.0;1;18693.47;DE
16127.0;1;29588.80;DE
16135.0;1;17565.83;DE
16141.0;1;19737.12;DE
16142.0;1;40234.73;DE
16144.0;1;10680.00;DE
16147.0;1;26965.60;DE
16148.0;1;16488.00;DE
16152.0;1;48485.14;DE
16159.0;1;14476.92;DE
16162.0;1;72.96;DE
16171.0;1;801.72;DE
16177.0;1;6570.43;DE
16178.0;1;5172.94;DE
16179.0;1;5769.07;DE
16181.0;1;43028.88;DE
16183.0;1;11692.94;DE
16190.0;1;11262.01;DE
16193.0;1;13511.05;DE
16198.0;1;9625.56;DE
16202.0;1;13114.30;DE
16204.0;1;13550.86;DE
16207.0;1;12461.52;DE
16211.0;1;19712.84;DE
16213.0;1;2792.52;DE
16215.0;1;16160.62;DE
16216.0;1;17691.85;DE
16222.0;1;25416.21;DE
16227.0;1;4782.06;DE
16236.0;1;21942.42;DE
16247.0;1;8226.02;DE
16248.0;1;3545.34;DE
16256.0;1;36536.46;DE
16257.0;1;22.98;DE
16260.0;1;21469.76;DE
16270.0;1;64860.53;DE
16272.0;1;17420.04;DE
16274.0;1;16402.92;DE
16275.0;1;14647.58;DE
16276.0;1;16730.04;DE
16278.0;1;7825.88;DE
16281.0;1;73854.42;DE
16282.0;1;13339.68;DE
16287.0;1;7889.25;DE
16292.0;1;26983.93;DE
16297.0;1;10402.79;DE
16302.0;1;23313.00;DE
16305.0;1;20399.12;DE
16315.0;1;6940.61;DE
16318.0;1;22575.99;DE
16319.0;1;5518.32;DE
16323.0;1;19950.00;DE
16337.0;1;16426.85;DE
16338.0;1;10584.00;DE
16339.0;1;2556.80;DE
16340.0;1;47832.43;DE
16344.0;1;557.82;DE
16345.0;1;30532.00;DE
16349.0;1;539.77;DE
16351.0;1;9282.58;DE
16363.0;1;1677.80;DE
16366.0;1;27716.53;DE
16377.0;1;153105.60;DE
16380.0;1;191655.92;DE
16387.0;1;5443.04;DE
16392.0;1;40228.63;DE
16400.0;1;24306.24;DE
16403.0;1;15728.92;DE
16404.0;1;26712.00;DE
16406.0;1;9844.30;DE
16412.0;1;10089.83;DE
16413.0;1;15362.07;DE
16415.0;1;15518.82;DE
16423.0;1;21305.60;DE
16424.0;1;7375.06;DE
16425.0;1;18030.04;DE
16429.0;1;324.98;DE
16430.0;1;18764.97;DE
16432.0;1;8695.80;DE
16433.0;1;23553.63;DE
16445.0;1;6113.39;DE
16447.0;1;37768.47;DE
16448.0;1;10168.77;DE
16450.0;1;23487.22;DE
16451.0;1;8883.82;DE
16457.0;1;15575.34;DE
16461.0;1;5677.15;DE
16468.0;1;346.99;DE
16471.0;1;14679.45;DE
16480.0;1;35129.85;DE
16482.0;1;26623.48;DE
16483.0;1;3416.93;DE
16485.0;1;37055.81;DE
16491.0;1;45101.11;DE
16494.0;1;49031.05;DE
16504.0;1;48650.39;DE
16505.0;1;13633.92;DE
16509.0;1;9508.72;DE
16510.0;1;14921.77;DE
16516.0;1;4473.98;DE
16517.0;1;6706.68;DE
16526.0;1;17589.31;DE
16527.0;1;9282.48;DE
16528.0;1;29486.01;DE
16529.0;1;15364.00;DE
16535.0;1;61709.04;DE
16536.0;1;29673.46;DE
16542.0;1;991.00;DE
16545.0;1;2166.54;DE
16563.0;1;78526.20;DE
16565.0;1;431.54;DE
16569.0;1;8276.36;DE
16574.0;1;101783.22;DE
16581.0;1;10292.41;DE
16582.0;1;30667.52;DE
16583.0;1;15828.26;DE
16586.0;1;9073.99;DE
16587.0;1;12198.43;DE
16591.0;1;3018.66;DE
16594.0;1;5385.76;DE
16595.0;1;19491.40;DE
16597.0;1;6551.42;DE
16598.0;1;11788.46;DE
16601.0;1;11104.84;DE
16602.0;1;24124.11;DE
16610.0;1;4840.08;DE
16611.0;1;8426.80;DE
16613.0;1;29008.63;DE
16614.0;1;31133.15;DE
16617.0;1;13360.28;DE
16619.0;1;15360.95;DE
16623.0;1;3758.13;DE
16625.0;1;16424.51;DE
16627.0;1;40809.55;DE
16641.0;1;9675.88;DE
16643.0;1;20296.92;DE
16648.0;1;26255.54;DE
16650.0;1;21406.04;DE
16658.0;1;2685.71;DE
16659.0;1;695.28;DE
16665.0;1;7083.91;DE
16666.0;1;25486.04;DE
16679.0;1;893.70;DE
16680.0;1;9191.46;DE
16697.0;1;4255.55;DE
16708.0;1;26978.14;DE
16715.0;1;82655.78;DE
16718.0;1;32425.47;DE
16720.0;1;7348.22;DE
16721.0;1;14566.32;DE
16727.0;1;23084.28;DE
16732.0;1;26215.55;DE
16737.0;1;2877.12;DE
16738.0;1;839.64;DE
16739.0;1;9368.80;DE
16742.0;1;79.99;DE
16751.0;1;76279.69;DE
16752.0;1;1431.50;DE
16753.0;1;24581.66;DE
16754.0;1;262515.20;DE
16756.0;1;6582.29;DE
16757.0;1;5462.19;DE
16758.0;1;33565.70;DE
16761.0;1;60081.32;DE
16763.0;1;21550.12;DE
16765.0;1;55.96;DE
16769.0;1;11582.91;DE
16773.0;1;65388.34;DE
16776.0;1;41456.66;DE
16781.0;1;3643.21;DE
16784.0;1;5575.76;DE
16789.0;1;3176.48;DE
16793.0;1;10945.34;DE
16795.0;1;22553.42;DE
16796.0;1;15982.42;DE
16800.0;1;41064.83;DE
16803.0;1;8161.83;DE
16810.0;1;14896.41;DE
16812.0;1;6249.50;DE
16820.0;1;15316.23;DE
16823.0;1;8435.94;DE
16826.0;1;6675.26;DE
16828.0;1;1674.94;DE
16829.0;1;4326.33;DE
16830.0;1;33347.14;DE
16834.0;1;27461.06;DE
16846.0;1;11489.21;DE
16847.0;1;8245.54;DE
16848.0;1;21663.64;DE
16849.0;1;4134.27;DE
16850.0;1;16241.96;DE
16856.0;1;827.10;DE
16858.0;1;2901.69;DE
16878.0;1;482.98;DE
16881.0;1;59994.00;DE
16887.0;1;15708.27;DE
16893.0;1;6515.32;DE
16895.0;1;10332.11;DE
16902.0;1;70362.48;DE
16903.0;1;24950.21;DE
16909.0;1;65955.88;DE
16913.0;1;1669.50;DE
16914.0;1;7159.77;DE
16917.0;1;10086.38;DE
16921.0;1;8610.33;DE
16926.0;1;3495.92;DE
16932.0;1;10982.66;DE
16936.0;1;12956.02;DE
16947.0;1;31124.72;DE
16953.0;1;5637.00;DE
16956.0;1;40493.62;DE
16959.0;1;7692.49;DE
16961.0;1;11146.09;DE
16963.0;1;5355.21;DE
16965.0;1;27747.04;DE
16967.0;1;23588.15;DE
16971.0;1;7369.46;DE
16976.0;1;12541.20;DE
16978.0;1;13732.06;DE
16982.0;1;14152.96;DE
16988.0;1;1851.78;DE
16990.0;1;3899.00;DE
17010.0;1;34921.20;DE
17011.0;1;9114.26;DE
17022.0;1;22652.42;DE
17030.0;1;5826.31;DE
17037.0;1;97857.59;DE
17038.0;1;7743.94;DE
17040.0;1;23362.04;DE
17044.0;1;27498.00;DE
17046.0;1;58112.18;DE
17051.0;1;13225.08;DE
17052.0;1;23712.69;DE
17053.0;1;14143.52;DE
17060.0;1;9314.10;DE
17070.0;1;13086.54;DE
17079.0;1;4879.80;DE
17094.0;1;12429.54;DE
17102.0;1;85.12;DE
17110.0;1;6401.02;DE
17111.0;1;17315.19;DE
17117.0;1;3556.39;DE
17118.0;1;4659.84;DE
17120.0;1;13271.98;DE
17122.0;1;4516.70;DE
17123.0;1;65193.60;DE
17124.0;1;14268.62;DE
17125.0;1;43707.93;DE
17128.0;1;22236.82;DE
17138.0;1;7421.45;DE
17140.0;1;34797.18;DE
17142.0;1;8021.10;DE
17148.0;1;4537.24;DE
17153.0;1;10934.72;DE
17154.0;1;43806.84;DE
17165.0;1;3559.92;DE
17171.0;1;18959.86;DE
17172.0;1;35801.04;DE
17174.0;1;6137.74;DE
17176.0;1;24763.60;DE
17187.0;1;14257.85;DE
17197.0;1;17826.22;DE
17201.0;1;10290.48;DE
17205.0;1;26854.14;DE
17206.0;1;10527.76;DE
17212.0;1;31626.53;DE
17217.0;1;2141.28;DE
17219.0;1;11772.38;DE
17222.0;1;5580.21;DE
17226.0;1;38749.25;DE
17233.0;1;16771.23;DE
17234.0;1;9445.12;DE
17239.0;1;17606.05;DE
17244.0;1;33161.42;DE
17245.0;1;1665.87;DE
17247.0;1;8593.79;DE
17248.0;1;14645.39;DE
17251.0;1;9875.90;DE
17253.0;1;5382.60;DE
17263.0;1;3769.32;DE
17274.0;1;4072.87;DE
17278.0;1;13026.14;DE
17279.0;1;4831.55;DE
17286.0;1;8464.93;DE
17291.0;1;1367.28;DE
17297.0;1;6794.95;DE
17301.0;1;19965.83;DE
17303.0;1;16696.98;DE
17309.0;1;1566.73;DE
17313.0;1;138291.78;DE
17325.0;1;1602.46;DE
17331.0;1;10680.00;DE
17333.0;1;18826.98;DE
17343.0;1;4795.98;DE
17344.0;1;7137.34;DE
17347.0;1;5583.60;DE
17349.0;1;1826.60;DE
17354.0;1;107944.64;DE
17356.0;1;23061.37;DE
17359.0;1;20193.45;DE
17367.0;1;41332.74;DE
17379.0;1;66320.84;DE
17382.0;1;369.70;DE
17383.0;1;10834.22;DE
17385.0;1;29515.29;DE
17394.0;1;10103.04;DE
17403.0;1;20612.36;DE
17408.0;1;2665.50;DE
17415.0;1;16282.10;DE
17427.0;1;491.66;DE
17431.0;1;36833.79;DE
17433.0;1;20686.67;DE
17438.0;1;6326.91;DE
17443.0;1;3522.96;Canada
17455.0;1;3263.44;DE
17456.0;1;12056.30;DE
17458.0;1;13583.37;DE
17464.0;1;18634.93;DE
17475.0;1;25842.15;DE
17480.0;1;22252.46;DE
17486.0;1;5428.35;DE
17492.0;1;12629.28;DE
17496.0;1;13458.89;DE
17498.0;1;43219.76;DE
17499.0;1;122303.99;DE
17506.0;1;32564.92;DE
17508.0;1;28704.75;Greece
17510.0;1;21863.88;DE
17513.0;1;8071.94;DE
17514.0;1;13339.74;DE
17517.0;1;10836.50;DE
17520.0;1;40240.05;DE
17524.0;1;4633.66;DE
17525.0;1;10832.06;DE
17531.0;1;14842.08;DE
17534.0;1;11173.13;DE
17535.0;1;14036.30;DE
17536.0;1;77.92;DE
17538.0;1;23941.38;DE
17542.0;1;9617.49;DE
17548.0;1;2749.42;DE
17551.0;1;18823.71;DE
17553.0;1;43485.52;DE
17556.0;1;12964.02;DE
17561.0;1;26892.44;DE
17569.0;1;11729.02;DE
17574.0;1;4091.53;DE
17578.0;1;16182.42;DE
17582.0;1;8808.44;DE
17597.0;1;86196.72;DE
17600.0;1;8632.08;DE
17601.0;1;6652.49;DE
17603.0;1;6750.88;DE
17614.0;1;23364.67;DE
17619.0;1;9397.97;DE
17620.0;1;891.24;DE
17623.0;1;53390.15;DE
17628.0;1;7849.26;DE
17636.0;1;25110.57;DE
17639.0;1;1066.51;DE
17640.0;1;48928.52;DE
17643.0;1;2594.38;DE
17647.0;1;931.11;DE
17649.0;1;29905.00;DE
17650.0;1;12408.03;DE
17654.0;1;4105.71;DE
17660.0;1;16299.60;DE
17670.0;1;6587.62;DE
17678.0;1;18304.36;DE
17680.0;1;13460.68;DE
17684.0;1;47664.47;DE
17693.0;1;10628.61;DE
17694.0;1;23028.76;DE
17697.0;1;8192.53;DE
17698.0;1;4502.82;DE
17701.0;1;13655.26;DE
17709.0;1;1203.78;DE
17712.0;1;12923.88;DE
17714.0;1;6206.78;DE
17715.0;1;112128.00;DE
17718.0;1;13239.72;DE
17727.0;1;49917.22;DE
17732.0;1;15326.52;DE
17746.0;1;2606.93;DE
17747.0;1;155.76;DE
17752.0;1;13438.08;DE
17761.0;1;46457.32;DE
17763.0;1;3504.00;DE
17767.0;1;16768.39;DE
17775.0;1;3622.56;DE
17785.0;1;4688.35;DE
17789.0;1;12815.71;DE
17791.0;1;9334.17;DE
17793.0;1;32022.43;DE
17805.0;1;29640.21;DE
17806.0;1;64511.67;DE
17824.0;1;45854.88;DE
17829.0;1;35832.70;"United Arab Emirates"
17831.0;1;269.16;DE
17832.0;1;29019.09;DE
17836.0;1;11873.66;DE
17839.0;1;19524.04;DE
17843.0;1;10830.13;DE
17844.0;1;2531.48;Canada
17846.0;1;79.99;DE
17855.0;1;34491.29;DE
17859.0;1;5145.42;DE
17860.0;1;13911.70;DE
17862.0;1;2503.97;DE
17866.0;1;8389.58;DE
17871.0;1;58646.66;DE
17877.0;1;10644.91;DE
17878.0;1;24223.27;DE
17879.0;1;904.01;DE
17880.0;1;56427.56;DE
17881.0;1;866.33;DE
17885.0;1;30224.10;DE
17887.0;1;4878.70;DE
17891.0;1;23137.87;DE
17893.0;1;5330.80;DE
17895.0;1;8089.52;DE
17896.0;1;8040.96;DE
17899.0;1;11571.61;DE
17901.0;1;2059.74;DE
17904.0;1;4592.00;DE
17906.0;1;3298.81;DE
17908.0;1;25527.84;DE
17911.0;1;15568.31;DE
17914.0;1;19842.10;DE
17919.0;1;109406.52;DE
17923.0;1;19950.00;DE
17925.0;1;39599.28;DE
17936.0;1;15089.77;DE
17939.0;1;3755.97;DE
17941.0;1;19582.92;DE
17942.0;1;3277.60;DE
17947.0;1;17712.48;DE
17948.0;1;1870.56;DE
17956.0;1;87.48;DE
17957.0;1;19328.58;DE
17958.0;1;7423.30;DE
17960.0;1;5147.45;DE
17962.0;1;24770.12;DE
17967.0;1;4367.86;DE
17968.0;1;18743.72;DE
17970.0;1;23183.66;DE
17972.0;1;4046.15;DE
17973.0;1;26967.56;DE
17976.0;1;7298.28;DE
17977.0;1;16881.02;DE
17978.0;1;27580.79;DE
17984.0;1;10325.41;DE
17985.0;1;36049.79;DE
17986.0;1;349.90;DE
17987.0;1;39465.75;DE
17995.0;1;5489.53;DE
18004.0;1;7982.26;DE
18006.0;1;12510.40;DE
18009.0;1;8711.21;DE
18010.0;1;5433.64;DE
18011.0;1;6057.06;DE
18014.0;1;4696.37;DE
18015.0;1;11395.83;DE
18019.0;1;1337.92;DE
18022.0;1;48841.64;DE
18027.0;1;5776.27;DE
18032.0;1;2099.64;DE
18033.0;1;16437.06;DE
18042.0;1;5031.59;DE
18045.0;1;37887.29;DE
18050.0;1;5174.86;DE
18053.0;1;42456.58;DE
18056.0;1;9389.67;DE
18058.0;1;17324.56;DE
18066.0;1;8263.86;DE
18067.0;1;11528.77;DE
18068.0;1;71.94;DE
18072.0;1;23828.52;DE
18074.0;1;8959.10;DE
18082.0;1;42111.08;DE
18084.0;1;9044.88;DE
18086.0;1;15531.12;DE
18088.0;1;12287.63;DE
18099.0;1;13015.49;DE
18104.0;1;74650.63;DE
18105.0;1;1688.23;DE
18106.0;1;24526.02;DE
18108.0;1;8436.80;DE
18110.0;1;10097.36;DE
18113.0;1;16488.00;DE
18114.0;1;5200.82;DE
18117.0;1;81526.18;DE
18119.0;1;7801.66;DE
18120.0;1;4623.07;DE
18126.0;1;10922.50;DE
18129.0;1;7297.57;DE
18133.0;1;309150.00;DE
18138.0;1;3955.15;DE
18159.0;1;17890.37;DE
18164.0;1;6949.35;DE
18165.0;1;22528.38;DE
18169.0;1;9721.05;DE
18174.0;1;28185.00;DE
18176.0;1;29712.75;DE
18181.0;1;17786.95;DE
18184.0;1;5999.40;DE
18185.0;1;16214.41;DE
18191.0;1;4477.44;DE
18192.0;1;35248.67;DE
18193.0;1;18494.40;DE
18194.0;1;95231.44;DE
18200.0;1;5197.72;DE
18203.0;1;2313.29;DE
18209.0;1;4943.74;DE
18212.0;1;11035.41;DE
18213.0;1;22933.06;DE
18215.0;1;3786.06;DE
18216.0;1;27377.35;DE
18220.0;1;10925.28;DE
18222.0;1;54233.52;DE
18224.0;1;6164.71;DE
18227.0;1;602.78;DE
18233.0;1;83.96;DE
18240.0;1;7924.74;DE
18249.0;1;26103.48;DE
18250.0;1;17971.43;DE
18251.0;1;585911.77;DE
18255.0;1;6995.38;DE
18262.0;1;13343.52;DE
18268.0;1;23.98;DE
18269.0;1;2881.72;DE
18274.0;1;4402.10;DE
18276.0;1;16246.18;DE
18277.0;1;3853.06;DE
18278.0;1;9943.40;DE
18280.0;1;7054.46;DE
18281.0;1;2713.22;DE
12358.0;2;31088.22;Austria
12363.0;2;53708.98;Unknown
12365.0;2;15256.77;Cyprus
12375.0;2;12819.82;Finland
12377.0;2;100532.12;Switzerland
12379.0;2;40799.76;Belgium
12384.0;2;21904.57;Switzerland
12386.0;2;41466.86;Australia
12394.0;2;23161.92;Belgium
12397.0;2;194998.38;Belgium
12406.0;2;122418.98;Denmark
12410.0;2;12299.30;Switzerland
12424.0;2;47858.86;Australia
12434.0;2;43501.52;Australia
12435.0;2;163278.81;Denmark
12438.0;2;120202.68;Norway
12450.0;2;6556.00;Spain
12458.0;2;36333.66;Switzerland
12462.0;2;59813.77;Spain
12465.0;2;51394.81;Belgium
12468.0;2;27728.64;UK
12492.0;2;9049.35;UK
12493.0;2;13402.64;France
12504.0;2;18435.31;UK
12508.0;2;25050.74;France
12510.0;2;54574.09;Spain
12512.0;2;13470.66;Israel
12516.0;2;124369.04;UK
12522.0;2;17843.36;UK
12535.0;2;34096.02;France
12545.0;2;44679.21;Spain
12546.0;2;114690.08;Spain
12547.0;2;3238.68;Spain
12556.0;2;40787.42;Spain
12559.0;2;20414.40;UK
12560.0;2;130905.82;UK
12571.0;2;57848.53;France
12572.0;2;40022.63;UK
12578.0;2;122148.37;Italy
12582.0;2;17975.14;Finland
12585.0;2;98003.83;UK
12589.0;2;30385.98;France
12592.0;2;18050.88;UK
12596.0;2;42126.20;Spain
12604.0;2;17367.60;France
12616.0;2;30383.36;France
12624.0;2;45193.26;France
12625.0;2;118220.36;UK
12630.0;2;71382.88;Finland
12635.0;2;155544.47;UK
12646.0;2;90855.34;USA
12653.0;2;157221.73;Israel
12673.0;2;30123.49;UK
12689.0;2;78982.53;France
12694.0;2;67458.86;France
12701.0;2;55902.02;UK
12716.0;2;65569.78;France
12717.0;2;20831.52;Greece
12719.0;2;44516.04;France
12735.0;2;39451.68;France
12743.0;2;24487.62;Unknown
12755.0;2;11962.58;Japan
12758.0;2;219579.35;Portugal
12762.0;2;82722.80;Portugal
12763.0;2;29045.40;Japan
12781.0;2;88188.02;"Czech Republic"
12793.0;2;12451.44;Portugal
12794.0;2;45439.39;Portugal
12811.0;2;33274.29;Portugal
12815.0;2;49103.70;Poland
12816.0;2;12018.33;Poland
12822.0;2;58397.12;DE
12829.0;2;21236.47;DE
12832.0;2;13500.58;DE
12838.0;2;41883.84;DE
12842.0;2;63094.69;DE
12844.0;2;11092.18;DE
12849.0;2;59565.78;DE
12857.0;2;18356.78;DE
12865.0;2;110496.37;Austria
12871.0;2;52378.66;DE
12872.0;2;31812.30;DE
12875.0;2;80739.81;DE
12876.0;2;202990.42;Belgium
12878.0;2;37634.01;DE
12882.0;2;14654.20;DE
12886.0;2;49747.17;DE
12888.0;2;26813.34;DE
12895.0;2;17242.27;DE
12897.0;2;4032.70;DE
12904.0;2;31023.19;DE
12908.0;2;119988.00;DE
12915.0;2;17283.81;DE
12925.0;2;36261.62;DE
12930.0;2;19159.08;DE
12940.0;2;48239.75;DE
12944.0;2;8833.97;DE
12962.0;2;21326.55;DE
12967.0;2;49941.96;DE
12981.0;2;9493.02;DE
12985.0;2;258281.35;DE
12987.0;2;31519.77;DE
12991.0;2;43669.41;DE
13005.0;2;9579.98;DE
13023.0;2;18890.80;DE
13028.0;2;60352.72;DE
13030.0;2;27955.12;DE
13032.0;2;32379.51;DE
13034.0;2;33941.06;DE
13035.0;2;95723.58;DE
13040.0;2;34305.67;DE
13046.0;2;40534.74;DE
13049.0;2;9336.12;DE
13066.0;2;29423.65;DE
13068.0;2;7798.00;DE
13083.0;2;28797.38;DE
13085.0;2;16716.88;DE
13109.0;2;44552.96;DE
13122.0;2;45278.28;DE
13133.0;2;2018.55;DE
13165.0;2;157550.16;DE
13169.0;2;12751.04;DE
13173.0;2;36858.01;DE
13189.0;2;60672.72;DE
13192.0;2;58133.26;DE
13207.0;2;12930.06;DE
13221.0;2;35918.12;DE
13223.0;2;5546.88;DE
13224.0;2;123938.36;DE
13233.0;2;116743.76;DE
13236.0;2;54041.32;DE
13248.0;2;33110.62;DE
13253.0;2;252484.44;DE
13255.0;2;16841.11;DE
13261.0;2;27502.50;DE
13272.0;2;13662.01;DE
13276.0;2;16846.66;DE
13283.0;2;6128.30;DE
13292.0;2;15976.89;DE
13294.0;2;46664.82;DE
13311.0;2;18054.61;DE
13321.0;2;50814.76;DE
13329.0;2;43112.29;DE
13350.0;2;23157.85;DE
13363.0;2;34757.12;DE
13365.0;2;187926.92;DE
13368.0;2;23100.00;DE
13388.0;2;38498.30;DE
13396.0;2;45966.42;DE
13402.0;2;37062.47;DE
13404.0;2;19379.08;DE
13416.0;2;9650.06;DE
13417.0;2;23593.12;DE
13420.0;2;9864.78;DE
13421.0;2;120843.98;DE
13430.0;2;95491.59;DE
13431.0;2;50957.64;DE
13434.0;2;4703.28;DE
13452.0;2;13.98;DE
13453.0;2;4848.56;DE
13455.0;2;31819.87;DE
13460.0;2;26513.90;DE
13467.0;2;51824.08;DE
13470.0;2;5544.10;DE
13473.0;2;32999.46;DE
13476.0;2;32183.69;DE
13479.0;2;5620.62;DE
13493.0;2;5399.44;Switzerland
13496.0;2;32747.59;DE
13497.0;2;12155.85;DE
13506.0;2;27192.22;DE
13525.0;2;74879.26;DE
13529.0;2;10878.33;DE
13531.0;2;29821.01;DE
13544.0;2;23856.41;DE
13548.0;2;35198.79;DE
13557.0;2;53349.20;DE
13563.0;2;22873.42;DE
13565.0;2;17450.36;DE
13566.0;2;81468.15;DE
13569.0;2;19583.80;DE
13573.0;2;80967.87;DE
13579.0;2;9598.55;DE
13589.0;2;7125.21;DE
13596.0;2;55832.39;DE
13601.0;2;72006.71;DE
13649.0;2;11897.75;DE
13651.0;2;681.09;DE
13655.0;2;63126.90;DE
13656.0;2;54204.90;DE
13657.0;2;18234.02;DE
13659.0;2;92699.46;DE
13669.0;2;31644.26;DE
13672.0;2;1579.73;DE
13673.0;2;12576.95;DE
13675.0;2;19896.04;DE
13707.0;2;24843.55;DE
13711.0;2;61665.40;DE
13718.0;2;7667.14;DE
13726.0;2;72780.00;DE
13727.0;2;14291.22;DE
13730.0;2;60782.43;DE
13731.0;2;29391.70;DE
13736.0;2;61036.58;DE
13744.0;2;131917.17;DE
13754.0;2;43376.32;DE
13759.0;2;37581.57;DE
13760.0;2;14031.25;DE
13761.0;2;45801.34;DE
13780.0;2;30304.67;DE
13787.0;2;18569.73;DE
13791.0;2;54889.00;DE
13792.0;2;38458.56;DE
13799.0;2;33242.38;DE
13805.0;2;134772.56;DE
13814.0;2;86146.28;UK
13816.0;2;29208.13;UK
13817.0;2;13524.44;UK
13821.0;2;12702.25;DE
13822.0;2;36971.77;DE
13823.0;2;30989.84;DE
13837.0;2;16915.01;DE
13849.0;2;74227.96;DE
13868.0;2;65695.83;DE
13885.0;2;14096.92;DE
13888.0;2;31598.30;DE
13899.0;2;15504.38;DE
13904.0;2;21995.92;DE
13914.0;2;25579.86;DE
13917.0;2;13553.52;DE
13918.0;2;76087.84;DE
13919.0;2;64060.69;Denmark
13929.0;2;15847.82;DE
13930.0;2;19348.90;DE
13931.0;2;65833.17;DE
13933.0;2;17034.45;DE
13952.0;2;175923.23;DE
13954.0;2;17384.62;DE
13955.0;2;13959.78;DE
13960.0;2;23377.46;DE
13962.0;2;9205.06;DE
13972.0;2;22534.81;DE
13978.0;2;45088.06;DE
13989.0;2;118560.72;DE
14002.0;2;66599.38;DE
14009.0;2;26363.68;DE
14020.0;2;30367.07;DE
14023.0;2;49228.39;DE
14024.0;2;13936.03;DE
14029.0;2;16971.40;DE
14037.0;2;3258.09;DE
14050.0;2;53570.15;DE
14053.0;2;110837.85;DE
14067.0;2;20748.59;DE
14081.0;2;67394.32;DE
14104.0;2;5035.53;DE
14108.0;2;29554.87;DE
14114.0;2;11936.75;DE
14128.0;2;55653.94;DE
14138.0;2;49189.97;DE
14140.0;2;83646.48;DE
14147.0;2;2071.56;DE
14150.0;2;56815.88;DE
14152.0;2;55531.20;DE
14154.0;2;43325.12;DE
14157.0;2;16592.29;DE
14162.0;2;17481.67;DE
14164.0;2;86233.73;DE
14179.0;2;24925.71;DE
14193.0;2;52528.39;DE
14195.0;2;90437.32;DE
14205.0;2;14947.86;DE
14220.0;2;14694.98;DE
14236.0;2;54054.70;DE
14240.0;2;26945.90;DE
14242.0;2;20514.29;DE
14245.0;2;84515.60;DE
14256.0;2;34300.20;DE
14261.0;2;30036.38;DE
14264.0;2;7127.30;DE
14265.0;2;45938.56;Unknown
14272.0;2;78461.07;DE
14284.0;2;24638.38;DE
14306.0;2;112941.07;DE
14320.0;2;36318.05;DE
14323.0;2;38765.10;DE
14331.0;2;13650.54;DE
14335.0;2;26483.79;UK
14338.0;2;25872.53;DE
14346.0;2;72104.39;DE
14354.0;2;44662.14;DE
14356.0;2;17511.98;DE
14377.0;2;30976.65;DE
14379.0;2;22590.26;DE
14389.0;2;87394.95;DE
14396.0;2;21367.21;DE
14412.0;2;44308.30;DE
14416.0;2;26715.56;DE
14421.0;2;48250.96;DE
14427.0;2;17120.10;DE
14442.0;2;62491.58;"Channel Islands"
14448.0;2;10359.09;DE
14451.0;2;39298.69;DE
14452.0;2;16930.85;DE
14470.0;2;27971.39;DE
14473.0;2;7152.46;DE
14479.0;2;10843.35;DE
14481.0;2;52423.59;DE
14491.0;2;21564.90;DE
14495.0;2;8097.30;DE
14496.0;2;12628.99;DE
14501.0;2;10200.51;DE
14508.0;2;11776.77;DE
14512.0;2;7704.98;DE
14517.0;2;4751.84;DE
14520.0;2;73604.12;DE
14538.0;2;27563.73;DE
14539.0;2;96693.20;DE
14544.0;2;257155.35;DE
14548.0;2;99129.60;DE
14550.0;2;27876.39;DE
14551.0;2;8570.82;DE
14555.0;2;20546.78;DE
14567.0;2;40382.64;DE
14570.0;2;6141.90;DE
14594.0;2;18125.60;DE
14597.0;2;84869.53;DE
14620.0;2;30239.70;DE
14624.0;2;4994.01;DE
14625.0;2;47185.51;DE
14628.0;2;47531.10;DE
14629.0;2;35556.39;DE
14636.0;2;24688.55;DE
14643.0;2;53927.38;DE
14644.0;2;22426.88;DE
14645.0;2;19600.01;DE
14651.0;2;36881.35;DE
14656.0;2;9949.51;DE
14658.0;2;3770.94;DE
14660.0;2;18469.04;DE
14664.0;2;68254.74;DE
14670.0;2;42846.64;DE
14672.0;2;31342.83;DE
14682.0;2;1759.20;DE
14690.0;2;18155.03;DE
14697.0;2;14956.65;DE
14716.0;2;45631.34;DE
14754.0;2;48355.52;DE
14761.0;2;18110.40;DE
14768.0;2;1822.56;DE
14770.0;2;46771.94;DE
14778.0;2;24502.36;DE
14780.0;2;27523.37;DE
14784.0;2;26115.47;DE
14785.0;2;23917.80;DE
14788.0;2;36356.01;DE
14813.0;2;4891.90;DE
14815.0;2;72372.29;DE
14817.0;2;63053.81;DE
14819.0;2;13070.55;DE
14851.0;2;30370.92;DE
14853.0;2;24422.80;DE
14855.0;2;32522.86;DE
14857.0;2;34786.21;DE
14862.0;2;70617.50;DE
14865.0;2;4017.96;DE
14869.0;2;43051.26;DE
14875.0;2;45446.65;DE
14882.0;2;29604.82;DE
14891.0;2;56228.03;DE
14893.0;2;57690.21;DE
14896.0;2;31562.43;DE
14904.0;2;225829.19;DE
14905.0;2;58167.35;DE
14912.0;2;246647.93;Italy
14915.0;2;15907.72;DE
14918.0;2;110697.74;DE
14920.0;2;47941.76;DE
14921.0;2;105582.23;DE
14934.0;2;83385.30;"Channel Islands"
14947.0;2;23355.22;DE
14960.0;2;10844.00;DE
14965.0;2;42282.67;DE
14984.0;2;4256.00;DE
14985.0;2;16702.34;DE
14987.0;2;33977.60;DE
14995.0;2;8461.91;DE
14998.0;2;22091.13;DE
15012.0;2;17424.53;DE
15014.0;2;8070.29;DE
15030.0;2;58119.48;DE
15045.0;2;14788.68;DE
15054.0;2;20736.10;DE
15057.0;2;59994.09;DE
15068.0;2;25897.91;DE
15071.0;2;21395.63;DE
15088.0;2;39611.53;DE
15092.0;2;16683.96;DE
15101.0;2;23272.43;DE
15103.0;2;33503.59;DE
15104.0;2;33085.09;DE
15121.0;2;15073.04;DE
15123.0;2;112240.28;DE
15124.0;2;11959.53;DE
15139.0;2;12562.36;DE
15146.0;2;151357.66;DE
15163.0;2;47002.42;DE
15182.0;2;23722.64;DE
15184.0;2;30784.57;DE
15186.0;2;19768.23;DE
15198.0;2;13704.40;DE
15205.0;2;58770.38;DE
15211.0;2;37008.68;DE
15213.0;2;35337.21;DE
15223.0;2;35933.77;DE
15224.0;2;4540.92;DE
15230.0;2;25750.06;DE
15232.0;2;80646.80;DE
15239.0;2;41581.05;DE
15244.0;2;46363.29;DE
15246.0;2;25167.64;DE
15252.0;2;54888.42;DE
15258.0;2;9229.35;DE
15265.0;2;53972.34;DE
15272.0;2;28856.78;DE
15274.0;2;75498.16;DE
15287.0;2;30732.95;DE
15315.0;2;75714.66;DE
15330.0;2;293258.56;DE
15339.0;2;47633.63;DE
15349.0;2;33442.33;DE
15353.0;2;50543.92;DE
15355.0;2;1503.46;DE
15364.0;2;51006.29;DE
15366.0;2;35767.08;DE
15381.0;2;14581.77;DE
15384.0;2;39254.50;DE
15393.0;2;15628.50;DE
15398.0;2;69483.58;DE
15402.0;2;33515.58;DE
15406.0;2;46820.72;DE
15422.0;2;5489.74;DE
15424.0;2;203510.98;DE
15429.0;2;33529.81;DE
15433.0;2;39888.48;DE
15444.0;2;100200.10;DE
15468.0;2;14115.13;DE
15469.0;2;21854.19;DE
15478.0;2;67303.50;DE
15492.0;2;16974.42;DE
15494.0;2;124854.20;DE
15497.0;2;93979.28;DE
15512.0;2;3898.68;DE
15522.0;2;44353.86;DE
15526.0;2;2588.74;DE
15531.0;2;82050.55;DE
15545.0;2;16633.33;DE
15565.0;2;1336.40;DE
15573.0;2;50214.84;DE
15579.0;2;9038.83;DE
15599.0;2;63141.10;DE
15612.0;2;1839.43;DE
15626.0;2;103216.78;DE
15630.0;2;99914.48;DE
15636.0;2;28557.14;DE
15648.0;2;8833.57;DE
15649.0;2;6142.08;DE
15653.0;2;36434.40;DE
15654.0;2;53370.72;DE
15661.0;2;5970.88;DE
15665.0;2;155538.54;DE
15689.0;2;5639.66;DE
15690.0;2;22830.24;DE
15695.0;2;36709.43;DE
15700.0;2;19550.79;DE
15713.0;2;21954.79;DE
15714.0;2;10172.64;DE
15724.0;2;2902.49;DE
15732.0;2;40663.55;DE
15734.0;2;83733.25;DE
15757.0;2;44519.09;DE
15762.0;2;31144.26;DE
15763.0;2;21900.66;DE
15791.0;2;58377.20;DE
15800.0;2;35160.50;DE
15813.0;2;52974.05;DE
15821.0;2;15031.97;DE
15822.0;2;78750.22;DE
15829.0;2;159745.22;DE
15840.0;2;53192.81;DE
15847.0;2;204078.57;DE
15850.0;2;68743.78;DE
15852.0;2;2751.70;DE
15863.0;2;2340.52;DE
15869.0;2;6381.30;DE
15872.0;2;22512.63;DE
15877.0;2;36154.62;DE
15883.0;2;15562.55;DE
15885.0;2;9321.84;DE
15889.0;2;48179.52;DE
15894.0;2;13066.54;DE
15897.0;2;50238.88;DE
15912.0;2;9719.07;DE
15918.0;2;7852.77;DE
15919.0;2;61223.25;DE
15935.0;2;9486.81;DE
15948.0;2;58904.80;DE
15949.0;2;30327.76;DE
15951.0;2;19700.07;DE
15963.0;2;22585.40;DE
15967.0;2;27853.14;DE
15976.0;2;23461.12;DE
15977.0;2;108090.59;DE
15985.0;2;118126.54;DE
15990.0;2;24879.15;DE
16018.0;2;38297.54;DE
16031.0;2;40548.52;DE
16036.0;2;28168.90;DE
16048.0;2;12519.48;DE
16053.0;2;288909.76;DE
16070.0;2;25272.13;DE
16080.0;2;23649.34;DE
16083.0;2;127627.84;DE
16091.0;2;9586.42;DE
16109.0;2;159520.68;DE
16119.0;2;14133.54;DE
16121.0;2;76889.26;DE
16134.0;2;27399.86;DE
16140.0;2;76027.04;DE
16149.0;2;32382.20;DE
16160.0;2;108196.96;DE
16163.0;2;64029.45;DE
16185.0;2;19332.94;DE
16189.0;2;3217.98;DE
16200.0;2;51351.28;DE
16208.0;2;41637.96;DE
16212.0;2;17160.91;DE
16217.0;2;4393.39;DE
16229.0;2;28043.90;DE
16230.0;2;33117.23;DE
16239.0;2;20522.28;DE
16240.0;2;210305.60;DE
16243.0;2;9718.57;DE
16244.0;2;85358.78;DE
16250.0;2;8985.75;DE
16253.0;2;311141.73;DE
16268.0;2;42764.82;DE
16284.0;2;65788.83;DE
16309.0;2;95051.85;DE
16311.0;2;26631.18;DE
16313.0;2;18044.44;DE
16320.0;2;67197.82;Unknown
16322.0;2;22920.05;DE
16343.0;2;12467.64;DE
16347.0;2;45559.65;DE
16352.0;2;25301.66;DE
16354.0;2;10809.36;DE
16364.0;2;31094.38;DE
16367.0;2;67720.24;DE
16368.0;2;24861.22;DE
16372.0;2;19889.56;DE
16374.0;2;21931.50;DE
16376.0;2;68159.82;DE
16383.0;2;44097.65;DE
16384.0;2;26115.39;DE
16386.0;2;17000.88;DE
16398.0;2;56978.72;DE
16399.0;2;33275.48;DE
16402.0;2;10959.44;DE
16405.0;2;21675.01;DE
16411.0;2;11712.78;DE
16414.0;2;4909.49;DE
16427.0;2;19036.04;DE
16441.0;2;26043.73;DE
16446.0;2;6147232.27;DE
16449.0;2;30578.57;DE
16454.0;2;329.01;DE
16479.0;2;8693.32;DE
16484.0;2;10600.43;DE
16498.0;2;4833.69;DE
16499.0;2;9379.37;DE
16506.0;2;1883.10;DE
16518.0;2;22195.95;DE
16519.0;2;6946.66;DE
16546.0;2;46274.58;DE
16552.0;2;30883.02;DE
16555.0;2;17275.35;DE
16557.0;2;10382.48;DE
16560.0;2;29217.19;DE
16561.0;2;28356.86;DE
16567.0;2;58373.68;DE
16573.0;2;20822.52;DE
16584.0;2;20056.98;DE
16596.0;2;5184.02;DE
16603.0;2;34037.08;DE
16616.0;2;38684.47;DE
16620.0;2;12269.14;DE
16624.0;2;64096.13;DE
16629.0;2;37564.96;DE
16634.0;2;2940.60;DE
16642.0;2;29629.45;DE
16644.0;2;68586.91;DE
16647.0;2;18445.10;DE
16653.0;2;65278.99;DE
16667.0;2;26755.48;DE
16674.0;2;19391.95;DE
16685.0;2;23615.05;DE
16689.0;2;19267.54;DE
16690.0;2;5488.09;DE
16692.0;2;2112.49;DE
16693.0;2;10237.20;DE
16698.0;2;110748.00;DE
16716.0;2;1798.80;DE
16723.0;2;32434.79;DE
16747.0;2;100102.57;DE
16766.0;2;89507.24;DE
16777.0;2;9708.25;DE
16778.0;2;6332.16;DE
16780.0;2;36697.42;DE
16788.0;2;32641.53;DE
16792.0;2;5898.49;DE
16805.0;2;52051.35;DE
16808.0;2;39455.93;DE
16811.0;2;54184.41;DE
16824.0;2;19926.69;DE
16825.0;2;54368.92;DE
16835.0;2;11666.20;DE
16836.0;2;15607.11;DE
16838.0;2;20355.48;DE
16852.0;2;2907.09;DE
16855.0;2;12889.51;DE
16859.0;2;74636.91;DE
16861.0;2;4109.90;DE
16863.0;2;30152.17;DE
16883.0;2;7889.62;DE
16884.0;2;18645.87;DE
16897.0;2;7068.53;DE
16916.0;2;49141.19;DE
16933.0;2;22614.07;DE
16934.0;2;34037.77;DE
16952.0;2;18417.91;DE
16957.0;2;11487.86;DE
16968.0;2;40303.36;DE
16980.0;2;62458.81;DE
16984.0;2;244601.09;DE
16986.0;2;564326.90;DE
16999.0;2;29843.62;DE
17004.0;2;57520.13;DE
17018.0;2;12952.28;DE
17026.0;2;6264.78;DE
17029.0;2;225480.00;DE
17031.0;2;14307.95;DE
17035.0;2;16318.75;DE
17078.0;2;71444.13;DE
17080.0;2;9901.14;DE
17081.0;2;11362.17;DE
17082.0;2;102853.53;DE
17084.0;2;143846.15;DE
17100.0;2;97049.66;DE
17105.0;2;58467.71;DE
17119.0;2;26210.81;DE
17134.0;2;15208.00;DE
17144.0;2;69997.60;DE
17155.0;2;11944.23;DE
17157.0;2;31987.32;DE
17163.0;2;5843.10;DE
17166.0;2;3891.82;DE
17169.0;2;73306.07;DE
17181.0;2;19625.81;DE
17186.0;2;4186.00;DE
17189.0;2;17161.08;DE
17190.0;2;11606.83;DE
17194.0;2;7464.81;DE
17221.0;2;17598.82;DE
17223.0;2;14436.15;DE
17229.0;2;30495.62;DE
17232.0;2;18631.92;DE
17235.0;2;30337.44;DE
17237.0;2;10059.14;DE
17242.0;2;28391.47;DE
17250.0;2;37501.94;DE
17252.0;2;18139.13;DE
17254.0;2;35161.41;DE
17255.0;2;26880.21;DE
17256.0;2;12317.17;DE
17259.0;2;26094.94;DE
17265.0;2;41494.19;DE
17267.0;2;17132.15;DE
17277.0;2;50402.11;DE
17290.0;2;31462.73;DE
17298.0;2;68344.49;DE
17311.0;2;103925.28;DE
17321.0;2;42748.94;DE
17329.0;2;22518.19;DE
17330.0;2;10936.80;DE
17334.0;2;37301.85;DE
17339.0;2;13737.52;DE
17353.0;2;184791.00;DE
17357.0;2;13458.62;DE
17358.0;2;18901.01;DE
17362.0;2;22449.58;DE
17374.0;2;6698.29;DE
17376.0;2;6206.80;DE
17384.0;2;5743.54;DE
17387.0;2;36626.24;DE
17391.0;2;37243.20;DE
17392.0;2;61738.19;DE
17397.0;2;20122.13;DE
17409.0;2;2432.91;DE
17414.0;2;121019.20;DE
17418.0;2;32785.79;DE
17423.0;2;62392.37;DE
17425.0;2;34638.83;DE
17430.0;2;20800.86;DE
17432.0;2;18965.51;DE
17436.0;2;17979.48;DE
17444.0;2;209943.95;Canada
17446.0;2;46722.66;DE
17447.0;2;75315.63;DE
17453.0;2;16146.34;DE
17459.0;2;65464.05;DE
17462.0;2;28532.66;DE
17466.0;2;38011.88;DE
17468.0;2;14680.64;DE
17489.0;2;105171.44;DE
17495.0;2;18840.03;DE
17501.0;2;8983.92;DE
17503.0;2;46022.42;DE
17505.0;2;35219.93;DE
17507.0;2;26322.18;DE
17537.0;2;49660.18;DE
17540.0;2;31937.13;DE
17549.0;2;38445.60;DE
17555.0;2;42373.54;DE
17566.0;2;45575.98;DE
17584.0;2;46167.87;DE
17594.0;2;44579.10;DE
17595.0;2;23364.27;DE
17604.0;2;11237.67;DE
17608.0;2;14521.75;DE
17624.0;2;57235.40;DE
17630.0;2;10060.53;DE
17637.0;2;29906.34;DE
17642.0;2;80238.01;DE
17658.0;2;59860.34;DE
17664.0;2;51806.89;DE
17666.0;2;47932.86;DE
17668.0;2;20210.49;DE
17672.0;2;157583.89;DE
17674.0;2;68582.16;DE
17679.0;2;91631.75;DE
17691.0;2;13796.98;DE
17695.0;2;206079.67;DE
17704.0;2;44975.34;DE
17707.0;2;5866.68;DE
17708.0;2;8087.31;DE
17711.0;2;16139.48;DE
17733.0;2;37638.28;DE
17737.0;2;5678.76;DE
17742.0;2;25087.03;DE
17749.0;2;33743.73;DE
17760.0;2;22454.38;DE
17764.0;2;30137.77;DE
17771.0;2;11681.51;DE
17772.0;2;6063.59;DE
17781.0;2;5677.69;DE
17783.0;2;21400.59;DE
17786.0;2;15344.29;DE
17788.0;2;6252.90;DE
17795.0;2;39322.76;DE
17852.0;2;3417.22;DE
17854.0;2;6936.50;DE
17889.0;2;1465.52;DE
17890.0;2;46425.76;DE
17898.0;2;17702.20;DE
17900.0;2;4423.06;DE
17913.0;2;15718.70;DE
17926.0;2;60903.08;DE
17928.0;2;11437.77;DE
17931.0;2;73554.87;DE
17934.0;2;30483.78;DE
17935.0;2;9765.69;DE
17946.0;2;4818.43;DE
17964.0;2;85700.35;DE
17969.0;2;5038.64;DE
17991.0;2;1726.61;DE
17999.0;2;25651.56;DE
18001.0;2;89753.87;DE
18005.0;2;8754.00;DE
18013.0;2;54243.72;DE
18018.0;2;11963.65;DE
18024.0;2;12416.79;DE
18030.0;2;2473.77;DE
18034.0;2;70234.71;DE
18040.0;2;13542.29;DE
18048.0;2;6536.34;DE
18064.0;2;11348.96;DE
18071.0;2;16031.12;DE
18078.0;2;16378.23;DE
18080.0;2;33925.98;DE
18085.0;2;31721.07;DE
18087.0;2;70348.93;DE
18095.0;2;53603.07;DE
18101.0;2;12775.83;DE
18112.0;2;33257.95;DE
18121.0;2;30616.69;DE
18123.0;2;66338.90;DE
18142.0;2;278974.44;DE
18143.0;2;46527.41;DE
18146.0;2;10688.37;DE
18147.0;2;25017.99;DE
18151.0;2;36153.33;DE
18154.0;2;36354.25;DE
18156.0;2;31993.74;DE
18158.0;2;35246.04;DE
18160.0;2;18049.84;DE
18183.0;2;37405.71;DE
18189.0;2;52167.91;DE
18190.0;2;21026.24;DE
18196.0;2;34717.76;DE
18205.0;2;16338.63;DE
18217.0;2;22903.03;DE
18218.0;2;43783.84;DE
18228.0;2;12367.92;DE
18246.0;2;4719.34;DE
18248.0;2;63176.30;DE
18252.0;2;25278.26;DE
18261.0;2;10301.38;DE
18265.0;2;32070.62;DE
18270.0;2;10882.63;DE
18282.0;2;3270.11;DE
12356.0;3;185549.68;Portugal
12360.0;3;105668.82;Austria
12372.0;3;79601.54;Denmark
12381.0;3;96886.86;Norway
12409.0;3;445335.53;Switzerland
12412.0;3;86378.96;Denmark
12413.0;3;31240.68;France
12414.0;3;21941.43;Austria
12422.0;3;24410.57;Australia
12427.0;3;80002.62;UK
12456.0;3;151885.26;Switzerland
12488.0;3;76444.00;France
12498.0;3;9617.24;UK
12507.0;3;95459.96;Spain
12526.0;3;72896.60;UK
12527.0;3;15079.40;UK
12536.0;3;313859.11;France
12541.0;3;57653.82;Spain
12577.0;3;46896.50;France
12593.0;3;23490.06;France
12609.0;3;86100.32;UK
12620.0;3;155751.20;France
12628.0;3;33644.34;UK
12640.0;3;32852.92;France
12642.0;3;49695.82;UK
12649.0;3;30683.71;UK
12669.0;3;136691.41;France
12697.0;3;54547.93;Sweden
12710.0;3;100704.11;UK
12754.0;3;816702.81;Japan
12759.0;3;117167.74;Netherlands
12787.0;3;15702.70;Netherlands
12798.0;3;530858.17;Japan
12808.0;3;11037.29;Portugal
12827.0;3;18625.86;DE
12854.0;3;66172.73;DE
12879.0;3;16494.10;DE
12885.0;3;72535.77;DE
12891.0;3;14154.50;DE
12933.0;3;42682.90;DE
12942.0;3;10080.47;DE
12950.0;3;126271.26;DE
12990.0;3;50227.10;DE
12994.0;3;67607.38;DE
12999.0;3;22855.19;DE
13000.0;3;53707.30;DE
13003.0;3;3117.97;DE
13016.0;3;54110.63;DE
13029.0;3;4685.48;DE
13037.0;3;38959.16;DE
13038.0;3;32108.80;DE
13055.0;3;77069.50;DE
13058.0;3;17044.07;DE
13124.0;3;205652.46;DE
13131.0;3;47756.62;DE
13140.0;3;21821.95;DE
13171.0;3;26937.22;DE
13174.0;3;137559.37;DE
13186.0;3;65364.04;DE
13211.0;3;49392.22;DE
13212.0;3;40008.79;DE
13217.0;3;40727.38;DE
13242.0;3;13224.00;DE
13249.0;3;15397.32;DE
13258.0;3;69684.34;DE
13280.0;3;71667.29;DE
13282.0;3;23747.73;DE
13308.0;3;48531.95;DE
13310.0;3;52965.50;DE
13314.0;3;44580.95;DE
13318.0;3;40654.42;DE
13330.0;3;56598.80;DE
13334.0;3;185315.96;DE
13344.0;3;94599.57;DE
13373.0;3;165943.53;DE
13376.0;3;23011.14;DE
13379.0;3;74592.99;DE
13389.0;3;68812.04;DE
13405.0;3;14107.54;DE
13414.0;3;155529.50;DE
13425.0;3;106305.49;DE
13427.0;3;34312.39;DE
13447.0;3;54313.19;DE
13461.0;3;117521.10;DE
13486.0;3;54397.65;DE
13487.0;3;26399.44;DE
13492.0;3;28294.74;Switzerland
13500.0;3;72701.93;DE
13502.0;3;7723.80;DE
13516.0;3;140806.22;DE
13517.0;3;114803.36;DE
13521.0;3;77330.57;DE
13533.0;3;28432.03;DE
13539.0;3;18493.96;DE
13546.0;3;68140.39;DE
13562.0;3;90351.68;DE
13564.0;3;74688.71;DE
13591.0;3;67562.14;DE
13606.0;3;34288.33;DE
13611.0;3;86735.82;DE
13617.0;3;36542.31;DE
13637.0;3;36398.69;DE
13643.0;3;21765.66;DE
13652.0;3;39390.68;DE
13662.0;3;47256.21;DE
13666.0;3;1506.59;DE
13692.0;3;94536.86;DE
13705.0;3;35201.16;DE
13722.0;3;128273.80;DE
13741.0;3;30570.44;DE
13764.0;3;116478.37;DE
13772.0;3;60189.97;DE
13802.0;3;319175.50;DE
13810.0;3;14231.92;UK
13811.0;3;1819.86;UK
13812.0;3;41722.02;UK
13819.0;3;73914.26;DE
13827.0;3;13379.03;DE
13846.0;3;39286.74;DE
13848.0;3;220364.00;DE
13851.0;3;130501.41;DE
13856.0;3;22241.42;DE
13867.0;3;31420.79;DE
13873.0;3;6425.42;DE
13894.0;3;47339.22;DE
13900.0;3;50706.36;DE
13939.0;3;64378.57;DE
13946.0;3;61401.55;DE
13951.0;3;27872.09;DE
13959.0;3;33850.24;DE
14001.0;3;112214.78;DE
14006.0;3;60640.69;DE
14013.0;3;21266.20;DE
14019.0;3;154933.25;DE
14021.0;3;15296.33;DE
14034.0;3;54482.69;DE
14038.0;3;65559.82;DE
14075.0;3;56097.40;DE
14125.0;3;133723.61;DE
14126.0;3;38614.76;DE
14127.0;3;37524.35;DE
14133.0;3;34005.65;DE
14161.0;3;57413.33;DE
14175.0;3;148246.99;DE
14223.0;3;60724.66;DE
14229.0;3;61069.39;DE
14231.0;3;37505.64;DE
14246.0;3;96898.96;DE
14250.0;3;96870.65;DE
14267.0;3;51741.36;DE
14276.0;3;67523.71;DE
14277.0;3;170977.05;France
14286.0;3;478460.85;DE
14287.0;3;18622.09;DE
14305.0;3;100992.52;DE
14332.0;3;106207.36;DE
14359.0;3;20714.63;DE
14383.0;3;81054.11;DE
14385.0;3;14045.93;DE
14387.0;3;72148.50;DE
14418.0;3;196406.57;DE
14450.0;3;19097.90;DE
14460.0;3;171695.19;DE
14461.0;3;75170.45;DE
14463.0;3;20603.68;DE
14465.0;3;45521.76;DE
14475.0;3;40720.22;DE
14499.0;3;55494.81;DE
14500.0;3;15518.17;DE
14513.0;3;22551.28;DE
14514.0;3;47708.42;DE
14529.0;3;28249.44;DE
14535.0;3;153454.10;DE
14540.0;3;32994.05;DE
14561.0;3;125903.16;DE
14592.0;3;35146.28;DE
14593.0;3;38256.07;DE
14616.0;3;1870.48;DE
14618.0;3;36606.88;DE
14631.0;3;83558.24;DE
14669.0;3;92655.89;DE
14681.0;3;2098.68;DE
14700.0;3;86778.56;DE
14708.0;3;65550.01;DE
14712.0;3;54327.40;DE
14720.0;3;16736.90;DE
14731.0;3;38959.94;DE
14737.0;3;15098.65;DE
14740.0;3;61054.24;DE
14759.0;3;26190.45;DE
14765.0;3;8061.90;DE
14775.0;3;117206.58;DE
14779.0;3;6363.09;DE
14798.0;3;17802.52;DE
14803.0;3;34516.95;DE
14818.0;3;29572.36;DE
14823.0;3;6338.44;DE
14828.0;3;149282.30;DE
14836.0;3;2804.31;DE
14856.0;3;62123.52;DE
14867.0;3;27827.96;DE
14880.0;3;25803.72;DE
14930.0;3;91482.85;"Channel Islands"
14937.0;3;77030.64;"Channel Islands"
14958.0;3;24363.02;DE
14971.0;3;98846.47;DE
14973.0;3;29430.50;DE
14997.0;3;117649.38;DE
15009.0;3;53428.26;DE
15018.0;3;15530.17;DE
15026.0;3;27994.57;DE
15032.0;3;321470.76;DE
15036.0;3;60157.78;DE
15050.0;3;154156.81;DE
15051.0;3;87028.64;DE
15053.0;3;81572.61;DE
15067.0;3;80834.23;DE
15073.0;3;47131.11;DE
15098.0;3;1451.50;DE
15100.0;3;2399.20;DE
15108.0;3;60183.19;"European Community"
15111.0;3;103314.30;DE
15113.0;3;201634.99;DE
15122.0;3;109775.65;DE
15133.0;3;103317.56;DE
15156.0;3;43084.24;DE
15157.0;3;338850.74;DE
15164.0;3;42130.53;DE
15181.0;3;32146.08;DE
15192.0;3;53687.51;DE
15197.0;3;61813.52;DE
15215.0;3;17655.93;DE
15238.0;3;89145.63;DE
15245.0;3;227296.98;DE
15289.0;3;64570.08;DE
15297.0;3;31503.44;DE
15306.0;3;115468.24;DE
15321.0;3;55435.23;DE
15329.0;3;52698.62;DE
15334.0;3;23636.29;DE
15344.0;3;5863.70;DE
15376.0;3;41279.11;DE
15399.0;3;42962.62;DE
15414.0;3;49315.46;DE
15427.0;3;96758.74;DE
15436.0;3;58808.66;DE
15440.0;3;39697.17;DE
15449.0;3;83857.35;DE
15452.0;3;33977.43;DE
15456.0;3;66566.00;DE
15462.0;3;6023.32;DE
15467.0;3;57420.28;DE
15485.0;3;104518.23;DE
15489.0;3;94006.91;DE
15506.0;3;73740.48;DE
15516.0;3;3119.80;DE
15525.0;3;34114.46;DE
15533.0;3;23979.63;DE
15549.0;3;54251.78;DE
15568.0;3;36672.46;DE
15577.0;3;10243.64;DE
15582.0;3;31279.48;DE
15589.0;3;14126.15;DE
15620.0;3;74330.95;DE
15643.0;3;15007.83;DE
15646.0;3;31605.47;DE
15651.0;3;51406.21;DE
15675.0;3;33649.10;DE
15676.0;3;246392.03;DE
15680.0;3;85568.12;DE
15730.0;3;50401.72;DE
15747.0;3;51635.84;DE
15749.0;3;2276909.20;DE
15754.0;3;15335.15;DE
15759.0;3;7090.24;DE
15768.0;3;14413.36;DE
15780.0;3;20902.53;DE
15781.0;3;22871.83;DE
15782.0;3;298513.94;DE
15786.0;3;320303.83;DE
15787.0;3;53666.67;DE
15793.0;3;119887.05;DE
15799.0;3;144807.85;DE
15801.0;3;39379.47;DE
15806.0;3;27274.61;DE
15807.0;3;40720.26;DE
15826.0;3;96999.58;DE
15831.0;3;167747.10;DE
15839.0;3;57347.65;DE
15865.0;3;41702.58;DE
15901.0;3;46870.52;DE
15907.0;3;49931.60;DE
15933.0;3;57398.74;DE
15969.0;3;15154.14;DE
15980.0;3;133204.97;DE
16000.0;3;255017.70;DE
16008.0;3;39589.46;DE
16010.0;3;27264.50;DE
16012.0;3;65780.59;DE
16014.0;3;25503.15;DE
16015.0;3;81679.98;DE
16020.0;3;34839.46;DE
16023.0;3;42034.26;DE
16034.0;3;19646.11;DE
16037.0;3;45658.64;DE
16038.0;3;23597.52;DE
16040.0;3;54330.62;DE
16041.0;3;124625.76;DE
16049.0;3;71805.37;DE
16079.0;3;73175.91;DE
16092.0;3;51553.72;DE
16099.0;3;34638.90;DE
16102.0;3;62850.08;DE
16110.0;3;64187.23;DE
16136.0;3;50747.56;DE
16139.0;3;29872.50;DE
16146.0;3;31484.93;DE
16157.0;3;43135.55;DE
16164.0;3;44628.91;DE
16174.0;3;55678.70;DE
16214.0;3;46422.02;DE
16221.0;3;81576.21;DE
16226.0;3;16040.70;DE
16233.0;3;24562.58;DE
16245.0;3;110767.52;DE
16279.0;3;127687.33;DE
16298.0;3;14930.34;DE
16303.0;3;401049.50;DE
16317.0;3;79045.87;DE
16324.0;3;18573.32;DE
16325.0;3;24892.64;DE
16330.0;3;19877.43;DE
16356.0;3;7400.99;DE
16357.0;3;28063.85;DE
16369.0;3;79124.69;DE
16378.0;3;21957.49;DE
16385.0;3;22409.32;DE
16416.0;3;57891.40;DE
16418.0;3;17115.79;DE
16431.0;3;20497.77;DE
16442.0;3;30246.74;DE
16460.0;3;108699.89;DE
16462.0;3;541.60;DE
16464.0;3;111035.03;DE
16473.0;3;32230.21;DE
16478.0;3;14310.12;DE
16488.0;3;61669.34;DE
16495.0;3;33951.92;DE
16496.0;3;107789.11;DE
16511.0;3;52758.06;DE
16520.0;3;61421.32;DE
16532.0;3;563307.85;DE
16533.0;3;50216.95;DE
16551.0;3;84615.78;DE
16554.0;3;27748.17;DE
16571.0;3;144236.75;DE
16572.0;3;68576.40;DE
16589.0;3;65034.26;DE
16593.0;3;16246.30;DE
16639.0;3;57238.14;DE
16669.0;3;86471.51;DE
16671.0;3;64451.26;DE
16706.0;3;26485.39;DE
16714.0;3;108006.46;DE
16730.0;3;148578.55;DE
16734.0;3;31022.31;DE
16755.0;3;152853.46;DE
16759.0;3;49108.42;DE
16762.0;3;51226.18;DE
16768.0;3;15249.77;DE
16804.0;3;19167.55;DE
16807.0;3;90495.24;DE
16832.0;3;1927.40;DE
16842.0;3;57866.19;DE
16851.0;3;16514.79;DE
16866.0;3;15566.57;DE
16872.0;3;13238.36;DE
16882.0;3;83912.77;DE
16885.0;3;20945.63;DE
16889.0;3;79961.64;DE
16898.0;3;35443.38;DE
16900.0;3;133451.19;DE
16924.0;3;54191.79;DE
16927.0;3;292012.16;DE
16930.0;3;54607.94;DE
16940.0;3;240483.80;DE
16943.0;3;9409.97;DE
16948.0;3;97244.87;DE
16950.0;3;129009.53;DE
16951.0;3;203623.56;DE
16960.0;3;29772.89;DE
16969.0;3;70411.11;DE
16997.0;3;68102.10;DE
17002.0;3;46501.36;DE
17014.0;3;21430.97;DE
17015.0;3;173783.89;DE
17024.0;3;1285.35;DE
17025.0;3;19080.09;DE
17033.0;3;57503.32;DE
17034.0;3;22391.79;DE
17041.0;3;89143.66;DE
17045.0;3;10185.12;DE
17047.0;3;135998.74;DE
17048.0;3;33365.06;DE
17058.0;3;41098.72;DE
17064.0;3;35283.44;DE
17076.0;3;34882.03;DE
17083.0;3;38169.58;DE
17095.0;3;85286.25;DE
17115.0;3;54136.22;DE
17146.0;3;17989.69;DE
17152.0;3;38084.84;DE
17158.0;3;56956.37;DE
17159.0;3;145266.09;DE
17179.0;3;17649.73;DE
17198.0;3;40460.03;DE
17266.0;3;21491.58;DE
17282.0;3;186175.99;DE
17289.0;3;68321.96;DE
17295.0;3;28584.63;DE
17312.0;3;21169.98;DE
17317.0;3;367814.69;DE
17320.0;3;39042.96;DE
17341.0;3;39835.88;DE
17351.0;3;5073.30;DE
17360.0;3;39793.52;DE
17361.0;3;23735.97;DE
17371.0;3;8276.81;DE
17375.0;3;32841.30;DE
17398.0;3;36873.59;DE
17405.0;3;63826.45;DE
17406.0;3;83894.72;DE
17411.0;3;17868.70;DE
17420.0;3;27951.69;DE
17429.0;3;116987.14;DE
17440.0;3;10169.58;DE
17461.0;3;75871.58;DE
17472.0;3;45323.35;DE
17483.0;3;15715.30;DE
17500.0;3;699.33;DE
17521.0;3;66271.31;DE
17545.0;3;30831.46;DE
17550.0;3;8064.14;DE
17557.0;3;57492.66;DE
17564.0;3;31697.94;DE
17573.0;3;13749.80;DE
17579.0;3;20301.41;DE
17580.0;3;7533.64;DE
17588.0;3;45376.32;DE
17590.0;3;99172.80;DE
17615.0;3;6227.88;DE
17616.0;3;114016.00;DE
17618.0;3;38378.08;DE
17621.0;3;42303.82;DE
17631.0;3;34839.87;DE
17646.0;3;39938.29;DE
17703.0;3;64371.58;DE
17724.0;3;14138.14;DE
17728.0;3;147711.94;DE
17734.0;3;21843.52;DE
17736.0;3;16205.57;DE
17759.0;3;34727.73;DE
17765.0;3;18775.18;DE
17768.0;3;138577.98;DE
17777.0;3;79237.97;DE
17779.0;3;31787.39;DE
17797.0;3;52888.02;DE
17802.0;3;80228.17;DE
17817.0;3;5616.64;DE
17830.0;3;12462.92;DE
17835.0;3;25270.25;DE
17864.0;3;67417.37;DE
17886.0;3;46073.47;DE
17892.0;3;9351.89;DE
17897.0;3;25120.19;DE
17917.0;3;17550.74;DE
17932.0;3;59278.89;DE
17950.0;3;50052.69;DE
17951.0;3;72163.44;DE
17974.0;3;53662.67;DE
17980.0;3;59806.88;DE
17990.0;3;41347.81;DE
18017.0;3;169110.00;DE
18035.0;3;50162.14;DE
18036.0;3;20757.95;DE
18043.0;3;24773.12;DE
18059.0;3;29270.80;DE
18062.0;3;29233.96;DE
18081.0;3;32688.56;DE
18096.0;3;113694.42;DE
18127.0;3;23376.30;DE
18130.0;3;82665.15;DE
18136.0;3;33674.44;DE
18149.0;3;47128.51;DE
18150.0;3;31854.90;DE
18155.0;3;13721.74;DE
18167.0;3;48593.68;DE
18170.0;3;50128.36;DE
18188.0;3;106117.30;DE
18202.0;3;48519.29;DE
18204.0;3;122957.81;DE
18235.0;3;149363.25;DE
18259.0;3;65908.34;DE
18263.0;3;203134.88;DE
18273.0;3;1199.20;DE
18287.0;3;119283.20;DE
12348.0;4;172376.40;Finland
12359.0;4;160810.90;Cyprus
12364.0;4;217391.50;Belgium
12370.0;4;450570.44;Cyprus
12380.0;4;95609.38;Belgium
12393.0;4;50002.26;Australia
12399.0;4;121313.71;Belgium
12421.0;4;37303.81;Spain
12429.0;4;160533.72;Denmark
12432.0;4;189602.57;Norway
12449.0;4;154399.71;Belgium
12463.0;4;72659.24;Belgium
12480.0;4;135126.11;UK
12484.0;4;246039.33;Spain
12517.0;4;118727.90;UK
12530.0;4;90111.64;UK
12539.0;4;250862.73;Spain
12597.0;4;279034.74;Spain
12610.0;4;222777.93;Italy
12613.0;4;116445.82;UK
12615.0;4;132586.92;France
12633.0;4;212845.81;UK
12645.0;4;84955.12;UK
12657.0;4;120318.88;France
12668.0;4;156245.68;UK
12674.0;4;77983.68;France
12679.0;4;44312.62;France
12680.0;4;45757.25;France
12693.0;4;42322.49;UK
12695.0;4;19051.13;France
12700.0;4;284020.71;France
12722.0;4;58521.90;France
12724.0;4;34886.82;France
12728.0;4;31364.25;France
12820.0;4;60808.55;DE
12836.0;4;117550.01;DE
12840.0;4;148642.79;DE
12845.0;4;81295.21;DE
12883.0;4;16885.96;DE
12916.0;4;142006.32;DE
12924.0;4;25065.75;DE
12936.0;4;65038.41;DE
12937.0;4;142044.65;DE
12952.0;4;52248.52;DE
12970.0;4;29727.07;DE
12993.0;4;17930.59;DE
12997.0;4;81177.96;DE
13048.0;4;98845.57;DE
13064.0;4;74635.57;DE
13077.0;4;99192.71;DE
13107.0;4;105181.25;DE
13115.0;4;184085.83;DE
13134.0;4;110072.84;DE
13145.0;4;5045.06;DE
13147.0;4;4606.56;DE
13149.0;4;120715.58;DE
13155.0;4;37506.89;DE
13157.0;4;130360.39;DE
13158.0;4;50986.60;DE
13159.0;4;142375.74;DE
13162.0;4;306764.27;DE
13167.0;4;147389.01;DE
13168.0;4;58520.05;DE
13196.0;4;105580.83;DE
13200.0;4;66200.82;DE
13203.0;4;47313.04;DE
13220.0;4;11036.49;DE
13238.0;4;29926.14;DE
13240.0;4;62354.34;DE
13247.0;4;30014.90;DE
13277.0;4;10472.64;DE
13285.0;4;213663.37;DE
13297.0;4;95029.36;DE
13301.0;4;32013.01;DE
13316.0;4;3016929.03;DE
13320.0;4;102658.92;DE
13362.0;4;110946.98;DE
13429.0;4;120622.90;DE
13471.0;4;150985.99;DE
13475.0;4;80625.49;DE
13489.0;4;42859.40;DE
13505.0;4;228487.40;Switzerland
13507.0;4;202693.73;DE
13510.0;4;158446.77;DE
13515.0;4;97768.22;DE
13555.0;4;252454.43;DE
13558.0;4;29042.58;DE
13577.0;4;87268.23;DE
13592.0;4;7232.77;DE
13614.0;4;52600.21;DE
13644.0;4;213499.66;DE
13647.0;4;47956.02;DE
13680.0;4;204261.45;DE
13681.0;4;42592.56;DE
13720.0;4;38492.42;DE
13735.0;4;108063.61;DE
13771.0;4;131515.79;DE
13813.0;4;42294.89;UK
13815.0;4;371072.94;UK
13835.0;4;48032.65;DE
13838.0;4;19691.14;DE
13865.0;4;17045.97;DE
13869.0;4;194501.41;DE
13892.0;4;64529.09;DE
13895.0;4;154261.52;DE
13908.0;4;215436.72;DE
13925.0;4;31338.86;DE
13928.0;4;12231.83;DE
13940.0;4;99747.80;DE
13950.0;4;61389.27;DE
13963.0;4;52247.48;DE
13982.0;4;150835.24;DE
14016.0;4;225902.99;Ireland
14044.0;4;25791.68;DE
14045.0;4;30794.98;DE
14049.0;4;425573.95;DE
14111.0;4;35477.47;DE
14113.0;4;184589.62;DE
14121.0;4;200402.36;DE
14141.0;4;28163.87;DE
14145.0;4;13216.44;DE
14163.0;4;52191.29;DE
14167.0;4;19214.32;DE
14173.0;4;24615.28;DE
14176.0;4;21575.24;DE
14177.0;4;33444.59;DE
14198.0;4;18069.45;DE
14216.0;4;39915.03;DE
14224.0;4;47876.85;DE
14233.0;4;84077.77;DE
14234.0;4;76193.94;DE
14273.0;4;43015.74;DE
14285.0;4;53456.25;DE
14293.0;4;70578.59;DE
14297.0;4;82011.69;DE
14336.0;4;175996.50;DE
14342.0;4;73628.73;DE
14352.0;4;62981.58;DE
14360.0;4;131171.56;DE
14403.0;4;30700.30;DE
14441.0;4;40979.70;DE
14443.0;4;78057.09;DE
14446.0;4;75284.56;DE
14449.0;4;59048.39;DE
14467.0;4;40341.05;DE
14477.0;4;90369.20;DE
14504.0;4;46811.60;DE
14522.0;4;40043.21;DE
14532.0;4;20167.36;DE
14554.0;4;97023.86;DE
14565.0;4;141899.32;DE
14577.0;4;33552.66;DE
14584.0;4;35034.13;DE
14591.0;4;191258.05;DE
14608.0;4;61752.71;DE
14609.0;4;80617.74;DE
14626.0;4;146971.99;DE
14649.0;4;90657.45;DE
14655.0;4;96966.17;DE
14657.0;4;50774.17;DE
14662.0;4;75295.33;DE
14692.0;4;22972.82;DE
14710.0;4;43622.82;DE
14715.0;4;52488.11;DE
14758.0;4;24768.85;DE
14790.0;4;76412.93;DE
14805.0;4;10630.22;DE
14820.0;4;15702.33;DE
14824.0;4;76011.83;DE
14829.0;4;54354.62;DE
14837.0;4;122302.77;DE
14842.0;4;107163.59;DE
14844.0;4;375648.28;DE
14859.0;4;63721.18;DE
14871.0;4;19600.94;DE
14897.0;4;37244.50;DE
14910.0;4;32992.44;DE
14913.0;4;182563.83;DE
14916.0;4;148406.43;DE
14959.0;4;36824.60;DE
14970.0;4;13407.63;DE
15002.0;4;100721.90;DE
15022.0;4;74894.84;DE
15027.0;4;62258.58;DE
15028.0;4;73650.80;DE
15031.0;4;18519.08;DE
15048.0;4;20287.09;DE
15060.0;4;30043.03;DE
15062.0;4;79889.88;DE
15065.0;4;103838.91;DE
15079.0;4;62555.72;DE
15095.0;4;173884.11;DE
15110.0;4;11825.34;DE
15116.0;4;63195.83;DE
15128.0;4;135832.49;DE
15136.0;4;64878.59;DE
15145.0;4;80625.72;DE
15199.0;4;9906.26;DE
15206.0;4;3501.90;DE
15228.0;4;190733.82;DE
15237.0;4;106884.84;DE
15312.0;4;53521.22;DE
15332.0;4;60107.38;Lithuania
15367.0;4;99544.75;DE
15392.0;4;200423.67;DE
15394.0;4;162932.78;DE
15407.0;4;56055.73;DE
15411.0;4;53740.35;DE
15416.0;4;191828.42;DE
15421.0;4;31717.38;DE
15483.0;4;21921.70;DE
15484.0;4;243791.12;DE
15500.0;4;40484.89;DE
15530.0;4;106533.47;DE
15532.0;4;33779.72;DE
15535.0;4;31755.38;DE
15550.0;4;43898.55;DE
15561.0;4;19023.61;DE
15563.0;4;194607.43;DE
15571.0;4;18946.77;DE
15574.0;4;37841.86;DE
15584.0;4;42726.09;DE
15587.0;4;95336.88;DE
15608.0;4;64763.74;DE
15618.0;4;88688.01;DE
15621.0;4;96834.82;DE
15624.0;4;60760.12;DE
15625.0;4;102876.54;DE
15641.0;4;144831.15;DE
15644.0;4;56723.97;DE
15656.0;4;63313.17;DE
15669.0;4;59020.04;DE
15673.0;4;130982.16;DE
15679.0;4;89974.03;DE
15701.0;4;66408.01;DE
15704.0;4;103920.54;DE
15706.0;4;35076.44;DE
15707.0;4;60959.97;DE
15716.0;4;108299.57;DE
15743.0;4;21198.38;DE
15745.0;4;51943.91;DE
15756.0;4;25165.56;DE
15777.0;4;81083.37;DE
15797.0;4;90903.11;DE
15808.0;4;112250.61;DE
15810.0;4;65543.01;DE
15814.0;4;103147.67;DE
15819.0;4;88881.25;DE
15834.0;4;80201.15;DE
15835.0;4;60273.99;DE
15841.0;4;137136.58;DE
15862.0;4;89754.42;DE
15882.0;4;34692.82;DE
15920.0;4;15619.24;DE
15950.0;4;86084.74;DE
15952.0;4;50311.92;DE
15965.0;4;60176.20;DE
15983.0;4;113343.41;DE
16005.0;4;23941.33;DE
16007.0;4;110892.49;DE
16009.0;4;45692.07;DE
16043.0;4;65855.25;DE
16045.0;4;60192.99;DE
16062.0;4;68564.07;DE
16094.0;4;40166.05;DE
16112.0;4;169012.10;DE
16120.0;4;91874.78;DE
16122.0;4;129837.98;DE
16126.0;4;198447.26;DE
16169.0;4;152058.25;DE
16175.0;4;88564.14;DE
16182.0;4;565354.57;DE
16188.0;4;73774.33;DE
16201.0;4;150668.76;DE
16203.0;4;19136.44;DE
16205.0;4;46722.41;DE
16206.0;4;21291.26;DE
16224.0;4;138338.26;DE
16232.0;4;38694.81;DE
16235.0;4;30262.34;DE
16261.0;4;43018.90;DE
16295.0;4;89753.33;DE
16308.0;4;223920.00;DE
16341.0;4;109530.99;DE
16342.0;4;26003.07;DE
16350.0;4;35708.47;DE
16358.0;4;83837.64;DE
16361.0;4;39243.43;DE
16370.0;4;83702.29;DE
16379.0;4;119963.48;DE
16389.0;4;267216.65;DE
16444.0;4;40255.73;DE
16463.0;4;115561.92;DE
16469.0;4;22444.55;DE
16470.0;4;48945.41;DE
16475.0;4;18634.35;DE
16493.0;4;106560.51;DE
16503.0;4;59562.71;DE
16513.0;4;32473.66;DE
16539.0;4;105445.40;DE
16612.0;4;64301.05;DE
16621.0;4;30842.24;DE
16637.0;4;123904.27;DE
16654.0;4;18113.14;DE
16657.0;4;88275.82;DE
16660.0;4;34012.05;DE
16676.0;4;108884.01;DE
16688.0;4;52981.45;DE
16696.0;4;20462.76;DE
16728.0;4;63621.55;DE
16774.0;4;47793.51;DE
16801.0;4;56078.65;DE
16806.0;4;30746.27;DE
16816.0;4;19363.23;DE
16833.0;4;73048.24;DE
16869.0;4;68806.88;DE
16906.0;4;26715.68;DE
16938.0;4;202083.80;DE
16955.0;4;16795.01;DE
16998.0;4;11704.00;DE
17006.0;4;23564.10;DE
17019.0;4;101306.89;DE
17043.0;4;104195.25;DE
17062.0;4;17103.58;DE
17073.0;4;58268.06;DE
17075.0;4;32848.85;DE
17088.0;4;116195.16;DE
17092.0;4;102566.01;DE
17096.0;4;31949.36;DE
17101.0;4;57053.91;DE
17147.0;4;102635.59;DE
17175.0;4;94594.80;DE
17180.0;4;99475.11;DE
17204.0;4;61395.34;DE
17268.0;4;136175.00;DE
17272.0;4;120403.18;DE
17299.0;4;64187.26;DE
17324.0;4;78347.93;DE
17337.0;4;116773.82;DE
17345.0;4;29465.37;DE
17350.0;4;63074.94;DE
17370.0;4;56961.84;DE
17373.0;4;34625.11;DE
17388.0;4;30704.55;DE
17454.0;4;20805.05;DE
17481.0;4;98839.44;DE
17502.0;4;43910.26;DE
17515.0;4;12582.98;DE
17523.0;4;426461.13;DE
17526.0;4;28224.60;DE
17527.0;4;42494.31;DE
17552.0;4;92857.59;DE
17571.0;4;86788.08;DE
17572.0;4;3612.05;DE
17585.0;4;180205.05;DE
17589.0;4;201722.71;DE
17625.0;4;129654.22;DE
17633.0;4;42768.10;DE
17648.0;4;40893.84;DE
17653.0;4;200203.04;DE
17671.0;4;98548.43;DE
17692.0;4;53765.89;DE
17700.0;4;210677.66;DE
17702.0;4;194168.23;DE
17720.0;4;39375.77;DE
17722.0;4;190534.87;DE
17731.0;4;64534.61;DE
17738.0;4;129755.61;DE
17774.0;4;56996.58;DE
17787.0;4;66978.66;DE
17796.0;4;21461.66;DE
17812.0;4;22015.41;DE
17816.0;4;3466.04;DE
17828.0;4;93748.62;Malta
17849.0;4;11362.93;DE
17856.0;4;70342.25;DE
17883.0;4;41956.09;DE
17884.0;4;61559.64;DE
17905.0;4;46042.19;DE
17921.0;4;45980.98;DE
17929.0;4;7495.68;DE
17955.0;4;63448.16;DE
17979.0;4;37940.29;DE
17994.0;4;70336.96;DE
18079.0;4;687534.89;DE
18093.0;4;135744.88;DE
18125.0;4;101100.26;DE
18145.0;4;218724.72;DE
18173.0;4;140376.74;DE
18178.0;4;119797.44;DE
18232.0;4;22535.14;DE
18242.0;4;122601.38;DE
12383.0;5;218650.20;Belgium
12407.0;5;109052.14;Belgium
12408.0;5;125283.17;Belgium
12444.0;5;97410.03;Norway
12451.0;5;507061.01;Switzerland
12455.0;5;241668.97;Spain
12473.0;5;178324.05;UK
12502.0;5;82483.45;Spain
12518.0;5;153191.46;UK
12520.0;5;146555.21;UK
12557.0;5;108408.54;Spain
12576.0;5;80976.54;Poland
12601.0;5;11226.94;UK
12654.0;5;13894.70;UK
12656.0;5;204121.29;France
12670.0;5;91146.55;France
12691.0;5;31917.94;France
12714.0;5;363073.97;France
12723.0;5;48650.20;France
12749.0;5;137786.79;DE
12775.0;5;84126.12;Netherlands
12782.0;5;93056.57;Portugal
12823.0;5;NULL;DE
12906.0;5;184810.04;DE
12909.0;5;163126.88;DE
12912.0;5;58062.48;DE
12913.0;5;174171.91;DE
12928.0;5;190141.88;DE
13015.0;5;123436.49;DE
13026.0;5;90786.24;DE
13079.0;5;919.22;DE
13092.0;5;29887.05;DE
13118.0;5;41612.93;DE
13136.0;5;119461.46;DE
13141.0;5;142462.67;DE
13213.0;5;99598.47;DE
13265.0;5;167227.88;DE
13309.0;5;162845.24;DE
13313.0;5;97013.09;DE
13323.0;5;45186.94;DE
13397.0;5;74850.02;DE
13410.0;5;83916.50;DE
13451.0;5;214082.48;DE
13481.0;5;71983.14;DE
13495.0;5;84121.33;DE
13499.0;5;110683.57;DE
13523.0;5;127056.28;DE
13524.0;5;41859.20;DE
13575.0;5;40682.24;DE
13593.0;5;58377.80;DE
13623.0;5;30206.28;DE
13627.0;5;94274.02;DE
13632.0;5;121559.68;DE
13634.0;5;81188.54;DE
13636.0;5;40334.98;DE
13658.0;5;75001.07;DE
13715.0;5;54314.62;DE
13719.0;5;89944.73;DE
13748.0;5;45239.24;DE
13750.0;5;194138.10;DE
13808.0;5;73074.32;DE
13824.0;5;43895.36;DE
13860.0;5;43127.27;DE
13875.0;5;128108.72;DE
13882.0;5;137274.37;DE
13883.0;5;111284.21;DE
13884.0;5;30716.64;DE
13901.0;5;259899.88;DE
13941.0;5;157345.76;DE
13956.0;5;36555.95;DE
13984.0;5;100010.40;DE
13995.0;5;81450.34;DE
14005.0;5;194289.89;DE
14035.0;5;93420.00;DE
14047.0;5;31925.35;DE
14064.0;5;128642.80;DE
14077.0;5;33284.90;DE
14102.0;5;141848.86;DE
14116.0;5;56984.27;DE
14129.0;5;80346.98;DE
14146.0;5;169976.07;DE
14214.0;5;68491.47;DE
14226.0;5;108215.14;DE
14232.0;5;283532.09;DE
14235.0;5;274974.03;DE
14251.0;5;155711.84;DE
14257.0;5;139934.36;DE
14290.0;5;66346.11;DE
14321.0;5;271063.30;DE
14407.0;5;225469.99;DE
14428.0;5;50007.14;DE
14440.0;5;52679.74;DE
14447.0;5;41090.85;DE
14493.0;5;116151.77;DE
14498.0;5;93368.29;DE
14506.0;5;77582.60;DE
14511.0;5;57797.08;DE
14546.0;5;105926.85;DE
14553.0;5;37519.54;DE
14583.0;5;88506.82;DE
14621.0;5;91806.77;DE
14623.0;5;38693.70;DE
14665.0;5;58080.85;DE
14673.0;5;117508.31;DE
14684.0;5;95944.87;DE
14691.0;5;44591.91;DE
14698.0;5;86864.92;DE
14719.0;5;64993.45;DE
14745.0;5;61343.51;DE
14748.0;5;146554.64;DE
14903.0;5;140270.95;DE
14931.0;5;48741.31;"Channel Islands"
14963.0;5;118023.45;DE
14978.0;5;57519.15;DE
15081.0;5;31473.62;DE
15106.0;5;95615.28;DE
15117.0;5;122565.01;DE
15132.0;5;84318.66;DE
15172.0;5;151030.62;DE
15179.0;5;166905.26;DE
15201.0;5;148272.16;DE
15208.0;5;52535.89;DE
15227.0;5;75875.22;DE
15240.0;5;89552.60;DE
15253.0;5;150520.12;DE
15267.0;5;322978.00;DE
15288.0;5;77426.02;DE
15380.0;5;13651.04;DE
15400.0;5;29523.78;DE
15426.0;5;85771.57;DE
15434.0;5;47149.85;DE
15493.0;5;47823.28;DE
15505.0;5;236598.52;DE
15511.0;5;33918.86;DE
15569.0;5;130047.79;DE
15594.0;5;111944.00;DE
15596.0;5;37210.17;DE
15605.0;5;33655.41;DE
15658.0;5;20950.33;DE
15674.0;5;116623.45;DE
15681.0;5;116689.36;DE
15712.0;5;41797.28;DE
15722.0;5;62315.91;DE
15785.0;5;160470.08;DE
15809.0;5;14633.20;DE
15812.0;5;143571.57;DE
15815.0;5;167015.66;DE
15855.0;5;40572.30;DE
15858.0;5;93832.11;DE
15881.0;5;9393.46;DE
15898.0;5;38792.60;DE
15938.0;5;20809.86;DE
15998.0;5;181731.97;DE
16003.0;5;118193.85;DE
16042.0;5;100116.10;DE
16066.0;5;104548.15;DE
16081.0;5;137820.62;DE
16085.0;5;47148.29;DE
16086.0;5;63529.87;DE
16128.0;5;96698.98;DE
16150.0;5;73096.73;DE
16153.0;5;109311.00;DE
16172.0;5;87814.64;DE
16209.0;5;290742.68;DE
16225.0;5;29907.88;DE
16249.0;5;99356.72;DE
16258.0;5;512398.29;DE
16271.0;5;112001.69;DE
16283.0;5;69076.82;DE
16321.0;5;60756.45;Australia
16362.0;5;34639.66;DE
16394.0;5;249421.41;DE
16395.0;5;283126.39;DE
16409.0;5;101018.33;DE
16438.0;5;41564.22;DE
16440.0;5;192543.09;DE
16456.0;5;165689.19;DE
16515.0;5;72899.86;DE
16550.0;5;175334.32;DE
16566.0;5;91793.74;DE
16618.0;5;99443.01;DE
16628.0;5;82971.36;DE
16682.0;5;37129.64;DE
16709.0;5;78820.84;DE
16711.0;5;308885.76;DE
16726.0;5;80439.97;DE
16735.0;5;125260.21;DE
16748.0;5;101265.90;DE
16750.0;5;15380.92;DE
16770.0;5;53369.42;DE
16771.0;5;159216.03;DE
16809.0;5;57393.70;DE
16875.0;5;87488.32;DE
16891.0;5;29829.02;DE
16892.0;5;27028.76;DE
16907.0;5;27685.67;DE
16992.0;5;120654.93;DE
17042.0;5;214551.10;DE
17054.0;5;108229.01;DE
17059.0;5;228955.80;DE
17085.0;5;73561.24;DE
17126.0;5;102947.20;DE
17131.0;5;72501.09;DE
17262.0;5;91040.65;DE
17302.0;5;64028.02;DE
17348.0;5;151028.74;DE
17400.0;5;115394.48;DE
17410.0;5;34534.66;DE
17457.0;5;54712.21;DE
17463.0;5;132527.87;DE
17469.0;5;82019.83;DE
17470.0;5;212013.93;DE
17516.0;5;43630.37;DE
17522.0;5;151112.45;DE
17554.0;5;81564.24;DE
17560.0;5;36547.47;DE
17593.0;5;283507.35;DE
17609.0;5;79819.61;DE
17656.0;5;94372.71;DE
17667.0;5;105898.94;DE
17754.0;5;275884.51;DE
17770.0;5;10770.48;DE
17813.0;5;80130.31;DE
17827.0;5;113781.59;DE
17838.0;5;230792.41;DE
17869.0;5;15161.25;DE
17873.0;5;49259.33;DE
17912.0;5;9997.40;DE
17930.0;5;325244.94;DE
17966.0;5;229371.51;DE
18016.0;5;91369.42;DE
18069.0;5;143426.77;DE
18135.0;5;13321.92;DE
18161.0;5;77472.84;DE
18171.0;5;61096.92;DE
18211.0;5;39225.06;DE
18221.0;5;54979.93;DE
18231.0;5;91847.39;DE
18237.0;5;33143.71;DE
18239.0;5;109079.36;DE
12388.0;6;154117.50;Australia
12457.0;6;82892.54;Cyprus
12477.0;6;372320.06;UK
12528.0;6;77151.39;UK
12627.0;6;212820.16;UK
12643.0;6;91809.36;France
12676.0;6;61207.52;Sweden
12685.0;6;210605.53;France
12721.0;6;184786.19;France
12753.0;6;1512886.90;Japan
12778.0;6;84668.41;Netherlands
12783.0;6;92818.22;Portugal
12828.0;6;40565.51;DE
12830.0;6;1844527.15;DE
12853.0;6;67994.14;DE
12856.0;6;93128.48;DE
12868.0;6;79071.49;DE
12919.0;6;54501.99;DE
12947.0;6;113647.68;DE
12951.0;6;32122.60;DE
13027.0;6;1048704.00;DE
13104.0;6;85807.56;DE
13138.0;6;44643.49;DE
13198.0;6;300213.96;DE
13208.0;6;110811.63;DE
13246.0;6;131229.50;DE
13317.0;6;116564.81;DE
13381.0;6;257501.66;DE
13448.0;6;129673.17;DE
13450.0;6;293684.05;DE
13456.0;6;83883.72;DE
13477.0;6;65937.62;DE
13509.0;6;51240.19;DE
13520.0;6;115488.79;Switzerland
13590.0;6;111036.74;DE
13650.0;6;94849.56;DE
13654.0;6;229300.02;DE
13717.0;6;180943.71;DE
13728.0;6;79693.70;DE
13752.0;6;89671.92;DE
13782.0;6;39052.59;DE
13831.0;6;193588.38;DE
13924.0;6;183037.14;DE
13949.0;6;301747.66;DE
13975.0;6;167163.54;DE
13988.0;6;337035.87;DE
13991.0;6;108439.64;DE
13994.0;6;128717.64;DE
14078.0;6;55482.21;DE
14101.0;6;916900.18;DE
14188.0;6;152623.15;DE
14209.0;6;108720.25;DE
14210.0;6;56769.69;DE
14215.0;6;149657.04;DE
14289.0;6;23164.56;DE
14307.0;6;201767.40;DE
14312.0;6;72638.77;DE
14315.0;6;90849.56;DE
14404.0;6;57416.55;DE
14409.0;6;139576.34;DE
14419.0;6;66026.86;DE
14422.0;6;236859.58;DE
14432.0;6;207735.52;DE
14434.0;6;6264.64;DE
14482.0;6;299457.83;DE
14487.0;6;70798.19;DE
14503.0;6;304296.32;DE
14507.0;6;52427.24;DE
14515.0;6;118456.85;DE
14530.0;6;150350.36;DE
14595.0;6;104890.19;DE
14639.0;6;181259.88;DE
14640.0;6;113834.01;DE
14676.0;6;118509.00;DE
14723.0;6;80332.87;DE
14741.0;6;87452.97;DE
14766.0;6;140524.08;DE
14834.0;6;67208.42;DE
14841.0;6;156549.21;DE
14852.0;6;156984.97;DE
14883.0;6;67329.27;DE
14898.0;6;60398.63;DE
14948.0;6;77016.33;DE
14976.0;6;18256.96;DE
15038.0;6;35637.50;DE
15089.0;6;137542.78;DE
15093.0;6;285944.10;DE
15107.0;6;7879.12;DE
15203.0;6;139277.34;DE
15220.0;6;128050.71;DE
15296.0;6;135410.30;DE
15382.0;6;385759.55;DE
15491.0;6;144166.62;DE
15508.0;6;57582.72;DE
15755.0;6;173882.37;DE
15764.0;6;197878.74;DE
15811.0;6;110220.32;DE
15864.0;6;74785.66;DE
15996.0;6;27809.08;DE
16027.0;6;137295.24;DE
16059.0;6;78806.80;DE
16103.0;6;55260.24;DE
16131.0;6;179389.24;DE
16143.0;6;80684.06;DE
16170.0;6;174818.39;DE
16173.0;6;51174.86;DE
16184.0;6;59311.43;DE
16306.0;6;87175.88;DE
16327.0;6;166206.68;DE
16360.0;6;195870.96;DE
16419.0;6;38006.89;DE
16497.0;6;153001.93;DE
16500.0;6;8166.10;DE
16600.0;6;153438.09;DE
16633.0;6;135765.10;DE
16655.0;6;178753.85;DE
16668.0;6;27356.70;DE
16681.0;6;224796.61;DE
16717.0;6;164361.77;DE
16790.0;6;65431.78;DE
16841.0;6;258463.59;DE
16871.0;6;158032.34;DE
16873.0;6;403443.07;DE
16877.0;6;63129.98;DE
16899.0;6;32656.02;DE
16915.0;6;13423.11;DE
16918.0;6;64247.07;DE
16949.0;6;90764.60;DE
16979.0;6;99295.87;DE
16989.0;6;55097.91;DE
16996.0;6;64606.52;DE
17007.0;6;25947.32;DE
17027.0;6;39754.80;DE
17050.0;6;137209.70;DE
17086.0;6;208201.78;DE
17107.0;6;511215.93;DE
17109.0;6;75953.10;DE
17160.0;6;200114.08;DE
17183.0;6;177865.30;DE
17203.0;6;176268.30;DE
17214.0;6;27708.93;DE
17227.0;6;60767.05;DE
17236.0;6;43807.11;DE
17284.0;6;202362.93;DE
17386.0;6;244240.56;DE
17422.0;6;262669.03;DE
17426.0;6;276847.62;DE
17442.0;6;164473.76;DE
17460.0;6;29565.21;DE
17519.0;6;61652.13;DE
17602.0;6;513893.84;DE
17612.0;6;209152.03;DE
17673.0;6;111944.38;DE
17676.0;6;73423.70;DE
17682.0;6;120888.80;DE
17723.0;6;299925.58;DE
17744.0;6;467630.28;DE
17863.0;6;184201.09;DE
17867.0;6;62064.03;DE
17874.0;6;36436.03;DE
18037.0;6;2244.75;DE
18097.0;6;96267.54;DE
18122.0;6;131658.49;DE
18139.0;6;402921.02;DE
18168.0;6;67396.68;DE
18177.0;6;52317.08;DE
18179.0;6;278106.43;DE
18180.0;6;150122.99;DE
18210.0;6;86889.50;DE
18236.0;6;63501.95;DE
18260.0;6;120885.91;DE
18272.0;6;169311.21;DE
12347.0;7;213098.81;Iceland
12433.0;7;868286.47;Norway
12472.0;7;371999.81;UK
12494.0;7;55915.96;France
12562.0;7;186806.11;France
12598.0;7;191332.67;France
12599.0;7;117286.24;France
12684.0;7;214602.01;France
12726.0;7;357853.80;France
12727.0;7;265640.94;France
12744.0;7;735954.73;Singapore
12766.0;7;351850.47;Portugal
12826.0;7;111051.89;DE
12867.0;7;336055.75;DE
12935.0;7;186551.59;DE
12948.0;7;96369.55;DE
13110.0;7;47013.63;DE
13139.0;7;289076.53;DE
13225.0;7;440593.52;DE
13232.0;7;62599.88;DE
13340.0;7;539422.56;DE
13384.0;7;311334.90;DE
13435.0;7;278983.54;DE
13437.0;7;163346.19;DE
13527.0;7;160085.13;DE
13536.0;7;306139.87;DE
13538.0;7;12013.13;DE
13549.0;7;44215.97;DE
13610.0;7;46652.34;DE
13630.0;7;150649.83;DE
13685.0;7;532775.97;DE
13743.0;7;150065.28;DE
13758.0;7;362240.79;DE
13804.0;7;140695.02;DE
13953.0;7;124576.94;DE
14004.0;7;188243.42;DE
14107.0;7;206495.63;DE
14112.0;7;167202.68;DE
14178.0;7;126498.33;DE
14201.0;7;68351.84;DE
14329.0;7;407770.84;DE
14408.0;7;200766.41;DE
14414.0;7;274350.16;DE
14466.0;7;162383.34;DE
14533.0;7;269049.53;DE
14572.0;7;156614.68;DE
14653.0;7;106893.46;DE
14696.0;7;105801.92;DE
14738.0;7;54489.01;DE
14739.0;7;332784.24;DE
14744.0;7;48837.56;DE
14794.0;7;76544.12;DE
14854.0;7;204407.23;DE
14907.0;7;162592.17;DE
15105.0;7;111634.96;DE
15140.0;7;129149.02;DE
15260.0;7;114595.50;DE
15270.0;7;360411.89;DE
15299.0;7;70768.00;DE
15351.0;7;62081.87;DE
15365.0;7;123721.00;DE
15370.0;7;79162.29;DE
15379.0;7;249782.63;DE
15443.0;7;138319.08;DE
15453.0;7;123595.64;DE
15473.0;7;54573.92;DE
15572.0;7;118433.65;DE
15671.0;7;252087.55;DE
15708.0;7;116953.05;DE
15727.0;7;348776.03;DE
15752.0;7;203059.62;DE
15874.0;7;263218.44;DE
15903.0;7;277453.34;DE
15906.0;7;51868.53;DE
15974.0;7;225608.52;DE
15987.0;7;63424.53;DE
15993.0;7;231071.15;DE
16057.0;7;105647.39;DE
16098.0;7;30576.75;DE
16107.0;7;195900.08;DE
16218.0;7;116224.80;DE
16242.0;7;172631.07;DE
16266.0;7;26696.27;DE
16332.0;7;105973.15;DE
16348.0;7;60751.58;DE
16434.0;7;66643.04;DE
16455.0;7;96108.66;DE
16466.0;7;156648.87;DE
16474.0;7;90685.64;DE
16477.0;7;149730.59;DE
16531.0;7;132135.19;DE
16556.0;7;216919.63;DE
16609.0;7;222598.97;DE
16652.0;7;188804.44;DE
16686.0;7;193251.09;DE
16719.0;7;146698.17;DE
16725.0;7;16787.36;DE
16743.0;7;206717.59;DE
16744.0;7;107760.37;DE
16791.0;7;85603.49;DE
16880.0;7;140251.21;DE
16905.0;7;152762.16;DE
16929.0;7;98067.21;DE
16966.0;7;424645.42;DE
16983.0;7;139296.00;DE
16987.0;7;33122.27;DE
17063.0;7;92094.84;DE
17090.0;7;65363.19;DE
17133.0;7;353871.38;DE
17135.0;7;100984.17;DE
17164.0;7;108086.25;DE
17188.0;7;98638.06;DE
17191.0;7;109883.77;DE
17193.0;7;149525.80;DE
17213.0;7;98711.88;DE
17287.0;7;58012.39;DE
17288.0;7;150044.18;DE
17323.0;7;55011.15;DE
17412.0;7;62965.88;DE
17416.0;7;334827.85;DE
17434.0;7;196822.86;DE
17449.0;7;104479.40;DE
17451.0;7;106162.25;DE
17490.0;7;233763.68;DE
17562.0;7;75820.94;DE
17591.0;7;44224.17;DE
17596.0;7;663057.93;DE
17655.0;7;114023.38;DE
17663.0;7;89225.25;DE
17669.0;7;187078.32;DE
17685.0;7;142450.95;DE
17686.0;7;235023.78;DE
17739.0;7;46463.03;DE
17819.0;7;151503.24;DE
17924.0;7;102388.46;DE
17937.0;7;208989.86;DE
17988.0;7;4472.91;DE
18094.0;7;244193.14;DE
18230.0;7;89852.56;DE
18245.0;7;170782.65;DE
12352.0;8;69721.97;Norway
12423.0;8;163712.31;Belgium
12464.0;8;2986.72;Belgium
12483.0;8;113224.78;Sweden
12524.0;8;254313.11;UK
12637.0;8;289072.28;France
12704.0;8;101440.56;Finland
12705.0;8;329763.32;UK
12779.0;8;203176.25;Poland
12843.0;8;76459.57;DE
12910.0;8;148291.78;DE
12939.0;8;546867.96;DE
12949.0;8;200842.33;DE
12957.0;8;246945.70;DE
12963.0;8;71667.67;DE
13012.0;8;75400.30;DE
13093.0;8;378186.08;DE
13117.0;8;88466.47;DE
13126.0;8;204057.39;DE
13137.0;8;199598.68;DE
13209.0;8;489954.44;DE
13327.0;8;244068.15;DE
13394.0;8;178577.99;DE
13725.0;8;51588.02;DE
13862.0;8;202263.66;DE
13870.0;8;114513.21;DE
13971.0;8;160229.14;DE
14030.0;8;118648.19;DE
14071.0;8;121540.43;DE
14262.0;8;161787.05;DE
14334.0;8;197617.91;DE
14341.0;8;113127.54;DE
14344.0;8;74875.82;DE
14364.0;8;210071.45;DE
14388.0;8;225170.18;DE
14472.0;8;112993.08;DE
14505.0;8;236037.71;DE
14541.0;8;59092.01;DE
14547.0;8;345098.22;DE
14730.0;8;109331.82;DE
14732.0;8;86592.20;DE
14769.0;8;678213.79;DE
14808.0;8;141511.09;DE
14868.0;8;122545.85;DE
14936.0;8;387874.98;"Channel Islands"
15034.0;8;239497.89;DE
15134.0;8;110004.28;DE
15214.0;8;138419.70;DE
15241.0;8;171299.86;DE
15304.0;8;23959.30;DE
15410.0;8;97406.89;DE
15518.0;8;144089.45;DE
15521.0;8;126398.91;DE
15527.0;8;97829.22;DE
15632.0;8;165245.52;DE
15696.0;8;86630.27;DE
15737.0;8;51817.38;DE
15750.0;8;195401.30;DE
15796.0;8;61452.80;DE
15845.0;8;163799.08;DE
15860.0;8;40313.19;DE
15861.0;8;232421.36;DE
15910.0;8;131644.97;DE
15916.0;8;99972.82;DE
15932.0;8;505264.91;DE
15953.0;8;189277.20;DE
15981.0;8;211327.78;DE
16016.0;8;63561.59;DE
16115.0;8;55134.30;DE
16180.0;8;524610.93;DE
16255.0;8;103084.40;DE
16316.0;8;153524.35;DE
16910.0;8;105152.95;DE
17097.0;8;50880.96;Spain
17114.0;8;17291.66;DE
17173.0;8;124600.34;DE
17211.0;8;110466.99;DE
17228.0;8;160022.95;DE
17230.0;8;191505.24;DE
17314.0;8;237627.39;DE
17338.0;8;340046.04;DE
17365.0;8;422677.55;DE
17368.0;8;124931.49;DE
17372.0;8;87538.61;DE
17396.0;8;203363.61;DE
17509.0;8;263823.69;DE
17528.0;8;258043.56;DE
17567.0;8;260116.53;DE
17629.0;8;120561.85;DE
17696.0;8;116311.36;DE
17758.0;8;175610.15;DE
17837.0;8;46137.55;DE
17861.0;8;136163.20;DE
17888.0;8;57073.63;DE
17894.0;8;61198.60;DE
17997.0;8;254528.78;DE
18116.0;8;134775.52;DE
18257.0;8;100875.82;DE
12417.0;9;162819.71;Belgium
12428.0;9;488169.99;Finland
12584.0;9;56829.56;Italy
12594.0;9;88965.17;Italy
12619.0;9;255775.39;UK
12626.0;9;372489.56;UK
12664.0;9;29545.80;Finland
12980.0;9;125795.14;DE
13021.0;9;151761.69;DE
13082.0;9;309584.07;DE
13183.0;9;149380.40;DE
13588.0;9;225296.08;DE
13704.0;9;141205.36;DE
13755.0;9;150570.23;DE
13842.0;9;147241.69;DE
13911.0;9;268959.28;DE
13993.0;9;64011.69;DE
14083.0;9;169136.10;DE
14211.0;9;122618.51;DE
14221.0;9;219744.45;DE
14258.0;9;969639.38;DE
14292.0;9;134431.06;DE
14299.0;9;211919.07;DE
14309.0;9;201748.53;DE
14390.0;9;230272.90;DE
14395.0;9;156619.40;DE
14410.0;9;77660.65;DE
14456.0;9;299257.69;DE
14524.0;9;45960.64;DE
14525.0;9;342867.61;DE
14573.0;9;43245.01;DE
14587.0;9;55050.13;DE
14659.0;9;97606.44;DE
14701.0;9;99161.72;DE
14704.0;9;92569.88;DE
14878.0;9;45681.71;DE
14901.0;9;58364.84;DE
14961.0;9;307185.89;DE
15021.0;9;98028.39;DE
15059.0;9;62073.16;DE
15281.0;9;107786.56;DE
15544.0;9;242916.37;DE
15602.0;9;143355.46;DE
15606.0;9;66730.67;DE
15622.0;9;137941.07;DE
15628.0;9;193434.95;DE
15660.0;9;65581.88;DE
15687.0;9;103593.02;DE
16019.0;9;250759.65;DE
16156.0;9;123938.08;DE
16265.0;9;267085.53;DE
16359.0;9;89533.07;DE
16365.0;9;19192.23;DE
16817.0;9;104473.54;DE
16942.0;9;63731.56;DE
16954.0;9;128520.29;DE
17049.0;9;271281.64;DE
17069.0;9;105346.12;DE
17071.0;9;137007.03;DE
17091.0;9;159918.28;DE
17293.0;9;111745.47;DE
17504.0;9;165840.73;DE
17634.0;9;65368.63;DE
17705.0;9;69354.50;DE
17750.0;9;294228.60;DE
17800.0;9;62661.14;DE
17848.0;9;36475.21;DE
18008.0;9;199879.77;DE
12362.0;10;212945.75;Belgium
12481.0;10;232647.86;UK
12490.0;10;293382.07;France
12553.0;10;184308.36;France
12567.0;10;416342.32;France
12600.0;10;83493.64;UK
12678.0;10;1047176.64;France
12708.0;10;61765.78;UK
13014.0;10;95892.44;DE
13047.0;10;163642.82;DE
13097.0;10;235693.17;DE
13184.0;10;159188.29;DE
13305.0;10;95351.18;DE
13324.0;10;560302.41;DE
13426.0;10;232232.40;DE
13491.0;10;94912.30;DE
13700.0;10;194716.60;DE
13769.0;10;97941.33;DE
13890.0;10;72559.94;DE
14227.0;10;172937.93;DE
14243.0;10;81462.17;DE
14426.0;10;223518.35;DE
15024.0;10;104093.66;DE
15033.0;10;155525.69;DE
15114.0;10;362641.98;DE
15150.0;10;262343.91;DE
15356.0;10;150538.19;DE
15984.0;10;205056.12;DE
16076.0;10;85501.47;DE
16293.0;10;111400.18;DE
16407.0;10;62090.13;DE
16426.0;10;129460.30;DE
16549.0;10;270638.91;DE
16570.0;10;192920.38;DE
16638.0;10;148644.28;DE
16710.0;10;150453.53;DE
16794.0;10;90349.27;DE
16813.0;10;344039.84;DE
16985.0;10;289934.81;DE
17162.0;10;119912.66;DE
17218.0;10;92875.87;DE
17231.0;10;187665.68;DE
17491.0;10;158570.62;DE
17512.0;10;133572.05;DE
17530.0;10;151939.53;DE
17651.0;10;279528.28;DE
17769.0;10;186232.89;DE
17799.0;10;238961.56;DE
17940.0;10;1485263.58;DE
18044.0;10;90336.30;DE
18055.0;10;265798.70;DE
18061.0;10;130714.39;DE
18075.0;10;172098.10;DE
18219.0;10;132444.42;DE
12476.0;11;219876.48;UK
12500.0;11;485607.70;UK
12523.0;11;46454.18;France
12662.0;11;141127.93;UK
12747.0;11;81596.45;DE
12955.0;11;485844.87;DE
13081.0;11;1952726.16;DE
13178.0;11;308575.42;DE
13268.0;11;303743.39;DE
13629.0;11;1063010.48;DE
13631.0;11;72238.89;DE
13784.0;11;71937.10;DE
14032.0;11;111579.51;DE
14099.0;11;242131.27;DE
14132.0;11;534065.26;DE
14159.0;11;527670.63;DE
14239.0;11;105447.18;DE
14291.0;11;306918.95;DE
14462.0;11;86201.56;DE
14502.0;11;158836.04;DE
14711.0;11;86502.48;DE
14713.0;11;229146.37;DE
14755.0;11;233546.87;DE
14776.0;11;410687.92;DE
14810.0;11;91554.66;DE
14866.0;11;921670.67;DE
14952.0;11;275850.81;DE
15023.0;11;313416.39;DE
15058.0;11;103445.78;DE
15129.0;11;229621.19;DE
15218.0;11;678632.16;DE
15251.0;11;527436.25;DE
15514.0;11;232325.88;DE
15529.0;11;301977.74;DE
15611.0;11;57079.94;DE
16145.0;11;231384.10;DE
16670.0;11;248472.30;DE
16712.0;11;174087.68;DE
16767.0;11;331882.69;DE
16775.0;11;37663.77;DE
16818.0;11;211024.62;DE
16837.0;11;185229.13;DE
16912.0;11;100092.76;DE
16919.0;11;232291.28;DE
17001.0;11;239222.22;DE
17061.0;11;261189.36;DE
17340.0;11;517477.25;DE
17364.0;11;240965.14;DE
17644.0;11;241128.34;DE
17716.0;11;337446.81;DE
17725.0;11;185364.15;DE
18077.0;11;247142.40;DE
18092.0;11;307294.08;DE
18226.0;11;368590.71;DE
12395.0;12;172135.63;Belgium
12647.0;12;108274.73;UK
12731.0;12;982558.10;France
12877.0;12;94853.07;DE
13094.0;12;199081.68;DE
13148.0;12;238905.53;DE
13266.0;12;294040.07;DE
13552.0;12;193650.44;DE
13571.0;12;126977.61;DE
13742.0;12;144785.60;DE
13983.0;12;96528.21;DE
13999.0;12;248494.13;DE
14040.0;12;161848.83;DE
14062.0;12;637374.84;DE
14110.0;12;478840.22;DE
14733.0;12;346174.27;DE
14800.0;12;445114.74;DE
14825.0;12;112175.43;DE
14944.0;12;284236.46;DE
15235.0;12;119863.57;DE
15298.0;12;251440.64;DE
15301.0;12;319902.44;DE
15373.0;12;51296.14;DE
15482.0;12;541288.98;DE
15502.0;12;476946.82;DE
15570.0;12;241792.35;DE
15854.0;12;128373.37;DE
15971.0;12;418190.10;DE
16186.0;12;203549.88;DE
16401.0;12;221394.69;DE
16553.0;12;396282.40;DE
16678.0;12;236088.63;DE
17139.0;12;539559.01;DE
17402.0;12;66490.00;DE
17419.0;12;175691.73;DE
17652.0;12;244312.13;DE
17659.0;12;165178.49;DE
17809.0;12;195243.72;DE
17858.0;12;139931.28;DE
17870.0;12;155604.65;DE
17954.0;12;421829.11;DE
18073.0;12;244834.46;DE
18144.0;12;263996.25;DE
18225.0;12;379570.39;DE
12712.0;13;60386.64;UK
12757.0;13;299640.06;Portugal
13001.0;13;665130.59;DE
13013.0;13;231707.94;DE
13488.0;13;481652.87;DE
13709.0;13;345466.08;DE
13871.0;13;259456.45;DE
13880.0;13;179960.75;DE
14088.0;13;1193286.68;DE
14191.0;13;492971.35;DE
14401.0;13;459417.77;DE
14415.0;13;268323.18;DE
14709.0;13;206525.76;DE
15152.0;13;342148.58;DE
15249.0;13;231098.28;DE
15581.0;13;18336.15;DE
15694.0;13;401469.08;DE
15719.0;13;269760.20;DE
15804.0;13;214310.72;DE
16191.0;13;332631.20;DE
16241.0;13;123920.70;DE
16393.0;13;148762.12;DE
16700.0;13;396244.69;DE
16701.0;13;796674.37;DE
16722.0;13;332973.02;DE
16764.0;13;177432.54;DE
16782.0;13;98561.98;DE
17404.0;13;4004911.49;Sweden
17730.0;13;300552.20;DE
17975.0;13;116187.61;DE
12683.0;14;483693.09;France
12839.0;14;269483.36;DE
13090.0;14;196523.82;DE
13230.0;14;157334.01;DE
13458.0;14;623405.72;DE
13756.0;14;212411.24;DE
14092.0;14;180739.89;DE
14607.0;14;1127094.24;DE
15547.0;14;486380.16;DE
15601.0;14;391311.33;DE
15827.0;14;60443.32;DE
15955.0;14;198705.39;DE
16326.0;14;73184.90;DE
16607.0;14;262699.12;DE
17220.0;14;182105.28;DE
17613.0;14;296691.36;DE
17790.0;14;78357.95;DE
17965.0;14;144838.81;DE
18065.0;14;80009.32;DE
18223.0;14;315148.08;DE
12431.0;15;219800.13;Belgium
12583.0;15;558386.08;France
12709.0;15;406983.87;UK
12931.0;15;3432699.35;DE
12989.0;15;172546.77;DE
13269.0;15;286839.57;DE
13695.0;15;149731.01;DE
13985.0;15;500793.92;DE
14135.0;15;592638.33;DE
14189.0;15;323028.93;DE
14282.0;15;221186.04;DE
15046.0;15;498425.59;DE
15125.0;15;630354.39;DE
15187.0;15;252341.66;DE
15194.0;15;683125.58;DE
15271.0;15;114515.40;DE
15291.0;15;170060.10;DE
15640.0;15;710231.33;DE
15867.0;15;174075.73;DE
15939.0;15;332347.58;DE
16187.0;15;491476.55;DE
16656.0;15;229004.30;DE
16713.0;15;354136.37;DE
17346.0;15;174634.38;DE
17611.0;15;298877.16;DE
17690.0;15;119495.64;DE
17719.0;15;249303.99;DE
14367.0;16;396087.57;DE
14543.0;16;40878.60;DE
14680.0;16;1465233.29;DE
15555.0;16;421748.43;DE
15738.0;16;212362.53;DE
16011.0;16;117878.14;DE
16592.0;16;262871.93;DE
16843.0;16;1094125.60;DE
16904.0;16;179950.43;DE
18283.0;16;111784.23;DE
12540.0;17;694759.01;Spain
13050.0;17;289322.65;DE
14057.0;17;603613.79;DE
14096.0;17;1981366.58;DE
14217.0;17;70482.76;DE
14702.0;17;145411.48;DE
14796.0;17;620402.33;DE
15044.0;17;289769.76;DE
15144.0;17;277270.64;DE
15805.0;17;336315.27;DE
16626.0;17;261851.81;DE
16745.0;17;690447.26;DE
16928.0;17;201958.44;DE
17238.0;17;172709.61;DE
17706.0;17;325075.25;DE
17920.0;17;385955.28;DE
18198.0;17;441192.52;DE
18241.0;17;81200.92;DE
12437.0;18;236206.48;France
12474.0;18;429376.92;UK
13004.0;18;402779.47;DE
13418.0;18;361380.48;DE
13576.0;18;696246.52;DE
13969.0;18;449614.81;DE
14085.0;18;340821.20;DE
14534.0;18;171647.73;DE
14562.0;18;142400.50;DE
15290.0;18;624644.45;DE
15465.0;18;312674.94;DE
16210.0;18;3247545.44;DE
16458.0;18;300142.85;DE
16746.0;18;527793.84;DE
13267.0;19;160434.53;DE
14031.0;19;507267.06;DE
14060.0;19;438016.55;DE
14397.0;19;183086.04;DE
15513.0;19;471741.71;DE
15838.0;19;2824003.65;DE
16161.0;19;262323.77;DE
16923.0;19;276270.64;DE
16945.0;19;259312.49;DE
17306.0;19;2842281.07;DE
17576.0;19;165619.72;DE
17735.0;19;814068.12;DE
12415.0;20;9009114.56;Australia
12621.0;20;596570.29;UK
13881.0;20;1007553.39;DE
14895.0;20;502076.03;DE
16033.0;20;341455.94;DE
16558.0;20;603315.53;DE
16672.0;20;225340.50;DE
16705.0;20;527385.00;DE
17017.0;20;625688.17;DE
17377.0;20;235360.41;DE
17865.0;20;427961.26;DE
18172.0;20;533493.38;DE
18229.0;20;170977.26;DE
13599.0;21;533237.05;DE
13668.0;21;295789.20;DE
14194.0;21;491063.28;DE
14688.0;21;259476.34;DE
16523.0;21;363919.62;DE
16729.0;21;527018.93;DE
16814.0;21;201460.43;DE
16931.0;21;283588.95;DE
17068.0;21;182263.95;DE
18041.0;21;612561.01;DE
12681.0;22;608716.16;France
14560.0;22;78925.93;DE
15358.0;22;542931.55;DE
16333.0;22;2478592.32;DE
16779.0;22;507254.06;DE
14051.0;23;362446.33;DE
14056.0;23;430775.35;DE
15615.0;23;533028.32;DE
16353.0;23;118958.83;DE
17857.0;23;1720335.14;DE
13069.0;24;1810401.62;DE
13102.0;24;474503.62;DE
13113.0;24;383675.74;DE
12720.0;25;401082.05;UK
12841.0;25;537593.69;DE
13534.0;25;307954.36;DE
13854.0;25;306725.56;DE
14180.0;25;47504.90;DE
14667.0;25;539184.26;DE
14849.0;25;451051.46;DE
17581.0;25;685734.69;DE
13078.0;26;424704.92;DE
13319.0;26;516801.93;DE
15769.0;26;5054559.40;DE
16525.0;26;658720.74;DE
17243.0;26;448016.01;DE
18109.0;26;194621.72;DE
18118.0;26;245975.16;DE
15498.0;27;760557.33;DE
15856.0;27;1215376.69;DE
16168.0;27;257086.80;DE
12471.0;28;852469.26;UK
12901.0;28;673356.35;DE
13018.0;28;482259.31;DE
13098.0;28;1484903.02;DE
15005.0;28;438250.06;DE
16684.0;28;4280111.40;DE
17428.0;28;1296308.80;DE
17381.0;29;4266608.35;DE
15159.0;30;1221191.64;DE
17677.0;30;1213397.58;DE
17757.0;30;253269.15;DE
12682.0;31;478412.73;France
14735.0;31;257947.09;DE
17511.0;31;6704935.32;DE
17675.0;31;960074.78;DE
12569.0;32;154391.20;UK
15078.0;32;544932.89;DE
13777.0;33;2257883.98;DE
16133.0;33;861557.66;DE
16839.0;34;758710.41;DE
17389.0;34;689489.88;DE
17850.0;34;180646.91;DE
13263.0;35;582555.28;DE
17315.0;36;279921.05;DE
12921.0;37;829770.92;DE
13468.0;37;353925.00;DE
13767.0;37;684360.90;DE
13199.0;38;495134.11;DE
17811.0;39;304393.82;DE
17961.0;39;50867.84;DE
15189.0;41;701547.76;DE
14298.0;44;6443245.65;DE
17949.0;45;2000069.49;DE
17450.0;46;9043451.11;DE
15039.0;47;1156658.07;DE
16013.0;47;2894701.35;DE
15061.0;48;3665436.82;DE
13694.0;50;7607625.83;DE
16422.0;51;1955394.42;DE
14156.0;55;5621098.52;Ireland
14527.0;55;196323.80;DE
13798.0;57;2612015.26;DE
18102.0;60;7887471.66;DE
13408.0;62;1834434.19;DE
16029.0;62;4948404.55;DE
14646.0;73;21240874.21;Netherlands
12971.0;86;1492029.40;DE
15311.0;91;3795861.87;DE
14606.0;92;570240.92;DE
13089.0;97;2885093.54;DE
17841.0;124;2687185.69;DE
14911.0;201;9170582.22;Ireland
12748.0;210;2833727.83;DE
;2149;49176606.03;DE
